domain,problem,algorithm,unexplained_errors,error,raw_memory,p7_settings_file,cost,coverage,dead_ends,evaluations,expansions,generated,initial_h_value,plan_length,planner_time,search_time,translator_facts,reformulation_time,reformulated_plan_valid,rebuild_plan_valid,solvable,plan_length_difference,macros_used,macros_generated
driverlog_hard,p16.pddl,greedyResumeWalker,['Invalid paths was generated!'],success, ,experiment_3, , , , , , , , , , , ,702.0, , ,False, , , 
driverlog_hard,p18.pddl,greedyResumeWalker,['Invalid paths was generated!'],success, ,experiment_3, , , , , , , , , , , ,591.0, , ,False, , , 
driverlog_hard,p19.pddl,greedyResumeWalker,['Invalid paths was generated!'],success, ,experiment_3, , , , , , , , , , , ,637.0, , ,False, , , 
driverlog_hard,p20.pddl,greedyResumeWalker,['Invalid paths was generated!'],success, ,experiment_3, , , , , , , , , , , ,616.0, , ,False, , , 
freecell_hard,p13.pddl,greedyResumeWalker,['Invalid paths was generated!'],success, ,experiment_3, , , , , , , , , , , ,1311.0, , ,False, , , 
freecell_hard,p15.pddl,greedyResumeWalker,['Invalid paths was generated!'],success, ,experiment_3, , , , , , , , , , , ,995.0, , ,False, , , 
freecell_hard,p16.pddl,greedyResumeWalker,['Invalid paths was generated!'],success, ,experiment_3, , , , , , , , , , , ,1031.0, , ,False, , , 
freecell_hard,p18.pddl,greedyResumeWalker,['Invalid paths was generated!'],success, ,experiment_3, , , , , , , , , , , ,928.0, , ,False, , , 
freecell_hard,probfreecell-10-1.pddl,greedyResumeWalker,['Invalid paths was generated!'],success, ,experiment_3, , , , , , , , , , , ,739.0, , ,False, , , 
freecell_hard,probfreecell-10-4.pddl,greedyResumeWalker,['Invalid paths was generated!'],success, ,experiment_3, , , , , , , , , , , ,1183.0, , ,False, , , 
freecell_hard,probfreecell-11-2.pddl,greedyResumeWalker,['Invalid paths was generated!'],success, ,experiment_3, , , , , , , , , , , ,727.0, , ,False, , , 
freecell_hard,probfreecell-11-4.pddl,greedyResumeWalker,['Invalid paths was generated!'],success, ,experiment_3, , , , , , , , , , , ,894.0, , ,False, , , 
freecell_hard,probfreecell-11-5.pddl,greedyResumeWalker,['Invalid paths was generated!'],success, ,experiment_3, , , , , , , , , , , ,764.0, , ,False, , , 
freecell_hard,probfreecell-12-2.pddl,greedyResumeWalker,['Invalid paths was generated!'],success, ,experiment_3, , , , , , , , , , , ,658.0, , ,False, , , 
freecell_hard,probfreecell-12-4.pddl,greedyResumeWalker,['Invalid paths was generated!'],success, ,experiment_3, , , , , , , , , , , ,833.0, , ,False, , , 
freecell_hard,probfreecell-13-1.pddl,greedyResumeWalker,['Invalid paths was generated!'],success, ,experiment_3, , , , , , , , , , , ,764.0, , ,False, , , 
freecell_hard,probfreecell-13-3.pddl,greedyResumeWalker,['Invalid paths was generated!'],success, ,experiment_3, , , , , , , , , , , ,994.0, , ,False, , , 
freecell_hard,probfreecell-13-4.pddl,greedyResumeWalker,['Invalid paths was generated!'],success, ,experiment_3, , , , , , , , , , , ,802.0, , ,False, , , 
freecell_hard,probfreecell-9-5.pddl,greedyResumeWalker,['Invalid paths was generated!'],success, ,experiment_3, , , , , , , , , , , ,751.0, , ,False, , , 
logistics_hard,p05.pddl,greedyResumeWalker, ,success,64260,experiment_3,167.0,1,0,8962,2240,896348, ,167,4.70032,3.62376,5168,25216.0,True,True,True,0,0,0
logistics_hard,p06.pddl,greedyResumeWalker, ,success,109952,experiment_3,201.0,1,0,17606,4401,2148852, ,201,13.4154,11.8873,7192,30594.0,True,True,True,0,0,0
logistics_hard,p07.pddl,greedyResumeWalker, ,success,150608,experiment_3,230.0,1,0,23970,5992,3360123, ,230,23.096,20.812,9182,67625.0,True,True,True,0,0,0
logistics_hard,p08.pddl,greedyResumeWalker, ,success,187104,experiment_3,259.0,1,0,24998,6249,4101367, ,259,39.9542,35.7747,12434,86442.0,True,True,True,0,0,0
logistics_hard,p09.pddl,greedyResumeWalker, ,success,309892,experiment_3,307.0,1,0,49582,12395,9254598, ,307,44.3463,41.8425,15065,427343.0,True,True,True,0,0,0
satellite_hard,p28-HC-pfile8.pddl,greedyResumeWalker,['Invalid paths was generated!'],success, ,experiment_3, , , , , , , , , , , ,2431.0, , ,False, , , 
satellite_hard,p29-HC-pfile9.pddl,greedyResumeWalker,['Invalid paths was generated!'],success, ,experiment_3, , , , , , , , , , , ,1345.0, , ,False, , , 
satellite_hard,p30-HC-pfile10.pddl,greedyResumeWalker,['Invalid paths was generated!'],success, ,experiment_3, , , , , , , , , , , ,1252.0, , ,False, , , 
satellite_hard,p31-HC-pfile11.pddl,greedyResumeWalker,['Invalid paths was generated!'],success, ,experiment_3, , , , , , , , , , , ,1441.0, , ,False, , , 
satellite_hard,p34-HC-pfile14.pddl,greedyResumeWalker,['Invalid paths was generated!'],success, ,experiment_3, , , , , , , , , , , ,497.0, , ,False, , , 
satellite_hard,p35-HC-pfile15.pddl,greedyResumeWalker,['Invalid paths was generated!'],success, ,experiment_3, , , , , , , , , , , ,538.0, , ,False, , , 
satellite_hard,p36-HC-pfile16.pddl,greedyResumeWalker,['Invalid paths was generated!'],success, ,experiment_3, , , , , , , , , , , ,911.0, , ,False, , , 
zenotravel_hard,p15.pddl,greedyResumeWalker,['Invalid paths was generated!'],success, ,experiment_3, , , , , , , , , , , ,901.0, , ,False, , , 
zenotravel_hard,p16.pddl,greedyResumeWalker,['Invalid paths was generated!'],success, ,experiment_3, , , , , , , , , , , ,552.0, , ,False, , , 
zenotravel_hard,p17.pddl,greedyResumeWalker,['Invalid paths was generated!'],success, ,experiment_3, , , , , , , , , , , ,587.0, , ,False, , , 
zenotravel_hard,p18.pddl,greedyResumeWalker,['Invalid paths was generated!'],success, ,experiment_3, , , , , , , , , , , ,557.0, , ,False, , , 
zenotravel_hard,p19.pddl,greedyResumeWalker,['Invalid paths was generated!'],success, ,experiment_3, , , , , , , , , , , ,574.0, , ,False, , , 
zenotravel_hard,p20.pddl,greedyResumeWalker,['Invalid paths was generated!'],success, ,experiment_3, , , , , , , , , , , ,616.0, , ,False, , , 
driverlog_hard,p16.pddl,greedyWalker,['Rebuild plan was not valid!'],success,78932,experiment_3,180.0,1,0,441838,110459,2434554, ,180,18.629199999999997,17.6152,500,65891.0,True,False,True,-2,0,100
driverlog_hard,p18.pddl,greedyWalker,['Rebuild plan was not valid!'],success,34828,experiment_3,155.0,1,0,34074,8518,255874, ,155,2.60602,2.24385,825,47569.0,True,False,True,-1,0,1
driverlog_hard,p19.pddl,greedyWalker,['Rebuild plan was not valid!'],success,67800,experiment_3,343.0,1,0,189370,47342,1483958, ,343,13.9694,13.3314,1050,60472.0,True,False,True,-1,0,9
driverlog_hard,p20.pddl,greedyWalker,['Rebuild plan was not valid!'],success,46412,experiment_3,178.0,1,0,13498,3374,190528, ,178,6.27395,4.93983,1276,50896.0,True,False,True,-1,0,5
freecell_hard,p13.pddl,greedyWalker, ,success,64644,experiment_3,88.0,1,11,3425,853,4885, ,88,3.27141,2.14781,369,9552.0,True,True,True,0,0,1
freecell_hard,p15.pddl,greedyWalker, ,success,93240,experiment_3,89.0,1,21,3615,898,5423, ,89,5.68539,3.60779,407,25727.0,True,True,True,0,0,3
freecell_hard,p16.pddl,greedyWalker, ,success,93404,experiment_3,84.0,1,13,2855,710,4363, ,84,4.3429400000000005,2.88389,407,24979.0,True,True,True,0,0,0
freecell_hard,p18.pddl,greedyWalker, ,success, ,experiment_3, , , , , , , , , , , ,842.0, , ,False, , , 
freecell_hard,probfreecell-10-1.pddl,greedyWalker, ,success,105340,experiment_3,68.0,1,18,1340,330,2199, ,68,7.7757000000000005,4.1038,376,26186.0,True,True,True,9,1,3
freecell_hard,probfreecell-10-4.pddl,greedyWalker, ,success,104764,experiment_3,91.0,1,147,6333,1546,8504, ,91,10.59489,8.68748,375,32037.0,True,True,True,0,0,0
freecell_hard,probfreecell-11-2.pddl,greedyWalker, ,success, ,experiment_3, ,0, , , , , , , , , ,4036.0, , ,False, , , 
freecell_hard,probfreecell-11-4.pddl,greedyWalker, ,success,113048,experiment_3,80.0,1,17,2711,673,3622, ,80,7.45576,5.20777,411,25910.0,True,True,True,11,1,1
freecell_hard,probfreecell-11-5.pddl,greedyWalker, ,success,88944,experiment_3, ,0, , , , , , , , ,412,19724.0, , ,False, , , 
freecell_hard,probfreecell-12-2.pddl,greedyWalker, ,success, ,experiment_3, , , , , , , , , , , ,676.0, , ,False, , , 
freecell_hard,probfreecell-12-4.pddl,greedyWalker,['Invalid macros was generated!'],success, ,experiment_3, ,0, , , , , , , , , ,4637.0, , ,False, , , 
freecell_hard,probfreecell-13-1.pddl,greedyWalker, ,success,96176,experiment_3, ,0, , , , , , , , ,484,19023.0, , ,False, , , 
freecell_hard,probfreecell-13-3.pddl,greedyWalker, ,success,102000,experiment_3, ,0, , , , , , , , ,483,20215.0, , ,False, , , 
freecell_hard,probfreecell-13-4.pddl,greedyWalker, ,success, ,experiment_3, ,0, , , , , , , , , ,4269.0, , ,False, , , 
freecell_hard,probfreecell-9-5.pddl,greedyWalker, ,success,103372,experiment_3,72.0,1,1,3287,821,6546, ,72,5.9346,3.10389,340,10935.0,True,True,True,0,0,9
logistics_hard,p05.pddl,greedyWalker, ,success,64260,experiment_3,167.0,1,0,8962,2240,896348, ,167,6.40339,5.18774,5168,19314.0,True,True,True,0,0,0
logistics_hard,p06.pddl,greedyWalker, ,success,109952,experiment_3,201.0,1,0,17606,4401,2148852, ,201,13.5406,11.3475,7192,30959.0,True,True,True,0,0,0
logistics_hard,p07.pddl,greedyWalker, ,success,150608,experiment_3,230.0,1,0,23970,5992,3360123, ,230,27.3506,23.0591,9182,76375.0,True,True,True,0,0,0
logistics_hard,p08.pddl,greedyWalker, ,success,187104,experiment_3,259.0,1,0,24998,6249,4101367, ,259,30.934800000000003,27.7588,12434,75349.0,True,True,True,0,0,0
logistics_hard,p09.pddl,greedyWalker, ,success,309892,experiment_3,307.0,1,0,49582,12395,9254598, ,307,136.835,131.328,15065,513508.0,True,True,True,0,0,0
satellite_hard,p28-HC-pfile8.pddl,greedyWalker,['Invalid paths was generated!'],success, ,experiment_3, , , , , , , , , , , ,1001.0, , ,False, , , 
satellite_hard,p29-HC-pfile9.pddl,greedyWalker,['Invalid paths was generated!'],success, ,experiment_3, , , , , , , , , , , ,998.0, , ,False, , , 
satellite_hard,p30-HC-pfile10.pddl,greedyWalker,['Invalid paths was generated!'],success, ,experiment_3, , , , , , , , , , , ,1553.0, , ,False, , , 
satellite_hard,p31-HC-pfile11.pddl,greedyWalker,['Invalid paths was generated!'],success, ,experiment_3, , , , , , , , , , , ,3843.0, , ,False, , , 
satellite_hard,p34-HC-pfile14.pddl,greedyWalker,['Invalid paths was generated!'],success, ,experiment_3, , , , , , , , , , , ,652.0, , ,False, , , 
satellite_hard,p35-HC-pfile15.pddl,greedyWalker,['Invalid paths was generated!'],success, ,experiment_3, , , , , , , , , , , ,1159.0, , ,False, , , 
satellite_hard,p36-HC-pfile16.pddl,greedyWalker,['Invalid paths was generated!'],success, ,experiment_3, , , , , , , , , , , ,2105.0, , ,False, , , 
zenotravel_hard,p15.pddl,greedyWalker, ,success,23332,experiment_3,45.0,1,0,1378,344,14497, ,45,0.596334,0.0799981,333,1225.0,True,True,True,0,0,0
zenotravel_hard,p16.pddl,greedyWalker, ,success, ,experiment_3, , , , , , , , , , , ,544.0, , ,False, , , 
zenotravel_hard,p17.pddl,greedyWalker, ,success, ,experiment_3, , , , , , , , , , , ,559.0, , ,False, , , 
zenotravel_hard,p18.pddl,greedyWalker, ,success,41304,experiment_3,72.0,1,0,3618,904,42600, ,72,2.0066040000000003,0.823974,585,5374.0,True,True,True,0,0,1
zenotravel_hard,p19.pddl,greedyWalker, ,success, ,experiment_3, ,0, , , , , , , , , ,3257.0, , ,False, , , 
zenotravel_hard,p20.pddl,greedyWalker, ,success,55888,experiment_3,107.0,1,0,5890,1472,92353, ,107,6.4038900000000005,2.87989,820,9691.0,True,True,True,0,0,0
driverlog_hard,p16.pddl,probeWalker,['Rebuild plan was not valid!'],success,170696,experiment_3,182.0,1,0,865226,216306,6971593, ,182,27.1997,26.9792,500,333190.0,True,False,True,-6,0,18
driverlog_hard,p18.pddl,probeWalker, ,success,35644,experiment_3,166.0,1,0,35738,8934,281805, ,166,4.15031,3.70783,825,11668.0,True,True,True,0,0,5
driverlog_hard,p19.pddl,probeWalker,['Rebuild plan was not valid!'],success,58956,experiment_3,288.0,1,0,134722,33680,1162063, ,288,8.885290000000001,8.47539,1050,84657.0,True,False,True,-3,0,2
driverlog_hard,p20.pddl,probeWalker, ,success,103388,experiment_3,137.0,1,0,218450,54612,3106928, ,137,32.8504,32.0306,1276,102161.0,True,True,True,0,0,1
freecell_hard,p13.pddl,probeWalker, ,success, ,experiment_3, , , , , , , , , , , ,3977.0, , ,False, , , 
freecell_hard,p15.pddl,probeWalker, ,success,93472,experiment_3,91.0,1,21,4555,1133,6598, ,91,6.5916500000000005,5.02365,407,72418.0,True,True,True,0,0,3
freecell_hard,p16.pddl,probeWalker,['Invalid macros was generated!'],success, ,experiment_3, ,0, , , , , , , , , ,20674.0, , ,False, , , 
freecell_hard,p18.pddl,probeWalker, ,success, ,experiment_3, , , , , , , , , , , ,3079.0, , ,False, , , 
freecell_hard,probfreecell-10-1.pddl,probeWalker,['Invalid macros was generated!'],success,87788,experiment_3, ,0, , , , , , , , ,376,66524.0, , ,False, , , 
freecell_hard,probfreecell-10-4.pddl,probeWalker, ,success, ,experiment_3, , , , , , , , , , , ,3124.0, , ,False, , , 
freecell_hard,probfreecell-11-2.pddl,probeWalker, ,success, ,experiment_3, ,0, , , , , , , , , ,15062.0, , ,False, , , 
freecell_hard,probfreecell-11-4.pddl,probeWalker, ,success, ,experiment_3, , , , , , , , , , , ,3581.0, , ,False, , , 
freecell_hard,probfreecell-11-5.pddl,probeWalker,['Invalid macros was generated!'],success,96304,experiment_3, ,0, , , , , , , , ,412,213899.0, , ,False, , , 
freecell_hard,probfreecell-12-2.pddl,probeWalker, ,success,114704,experiment_3,76.0,1,6,864,214,1584, ,76,3.67732,1.05195,447,19419.0,True,True,True,3,1,7
freecell_hard,probfreecell-12-4.pddl,probeWalker, ,success, ,experiment_3, , , , , , , , , , , ,3247.0, , ,False, , , 
freecell_hard,probfreecell-13-1.pddl,probeWalker, ,success,101296,experiment_3, ,0, , , , , , , , ,484,62173.0, , ,False, , , 
freecell_hard,probfreecell-13-3.pddl,probeWalker, ,success, ,experiment_3, ,0, , , , , , , , , ,14822.0, , ,False, , , 
freecell_hard,probfreecell-13-4.pddl,probeWalker, ,success,94080,experiment_3, ,0, , , , , , , , ,483,56180.0, , ,False, , , 
freecell_hard,probfreecell-9-5.pddl,probeWalker, ,success, ,experiment_3, , , , , , , , , , , ,3960.0, , ,False, , , 
logistics_hard,p05.pddl,probeWalker, ,success,64260,experiment_3,167.0,1,0,8962,2240,896348, ,167,5.825380000000001,4.63983,5168,20096.0,True,True,True,0,0,0
logistics_hard,p06.pddl,probeWalker, ,success,109952,experiment_3,201.0,1,0,17606,4401,2148852, ,201,13.6094,11.8796,7192,28019.0,True,True,True,0,0,0
logistics_hard,p07.pddl,probeWalker, ,success,150608,experiment_3,230.0,1,0,23970,5992,3360123, ,230,21.5112,19.2992,9182,65549.0,True,True,True,0,0,0
logistics_hard,p08.pddl,probeWalker, ,success,187104,experiment_3,259.0,1,0,24998,6249,4101367, ,259,26.7381,24.4271,12434,73691.0,True,True,True,0,0,0
logistics_hard,p09.pddl,probeWalker, ,success,309892,experiment_3,307.0,1,0,49582,12395,9254598, ,307,75.44669999999999,72.0288,15065,206823.0,True,True,True,0,0,0
satellite_hard,p28-HC-pfile8.pddl,probeWalker,['Invalid paths was generated!'],success, ,experiment_3, , , , , , , , , , , ,1873.0, , ,False, , , 
satellite_hard,p29-HC-pfile9.pddl,probeWalker,['Invalid paths was generated!'],success, ,experiment_3, , , , , , , , , , , ,625.0, , ,False, , , 
satellite_hard,p30-HC-pfile10.pddl,probeWalker,['Invalid paths was generated!'],success, ,experiment_3, ,0, , , , , , , , , ,3200.0, , ,False, , , 
satellite_hard,p31-HC-pfile11.pddl,probeWalker,['Invalid paths was generated!'],success, ,experiment_3, ,0, , , , , , , , , ,5104.0, , ,False, , , 
satellite_hard,p34-HC-pfile14.pddl,probeWalker,['Invalid paths was generated!'],success, ,experiment_3, , , , , , , , , , , ,2098.0, , ,False, , , 
satellite_hard,p35-HC-pfile15.pddl,probeWalker,['Invalid paths was generated!'],success, ,experiment_3, , , , , , , , , , , ,572.0, , ,False, , , 
satellite_hard,p36-HC-pfile16.pddl,probeWalker,['Invalid paths was generated!'],success, ,experiment_3, ,0, , , , , , , , , ,3832.0, , ,False, , , 
zenotravel_hard,p15.pddl,probeWalker, ,success,23332,experiment_3,45.0,1,0,1378,344,14497, ,45,0.553915,0.075998,333,1665.0,True,True,True,0,0,0
zenotravel_hard,p16.pddl,probeWalker, ,success,28740,experiment_3,55.0,1,0,1010,252,21423, ,55,0.866147,0.0719983,390,1932.0,True,True,True,1,1,6
zenotravel_hard,p17.pddl,probeWalker, ,success, ,experiment_3, ,0, , , , , , , , , ,6189.0, , ,False, , , 
zenotravel_hard,p18.pddl,probeWalker, ,success, ,experiment_3, ,0, , , , , , , , , ,6132.0, , ,False, , , 
zenotravel_hard,p19.pddl,probeWalker, ,success,46916,experiment_3,96.0,1,0,2410,602,39330, ,96,2.80992,1.01595,760,8510.0,True,True,True,0,0,3
zenotravel_hard,p20.pddl,probeWalker, ,success,45516,experiment_3,110.0,1,0,9734,2433,105100, ,110,5.63365,3.76381,1605,10028.0,True,True,True,0,0,1
driverlog_hard,p16.pddl,queueWalker,['Rebuild plan was not valid!'],success,89188,experiment_3,149.0,1,0,516182,129045,2902692, ,149,22.043,21.1271,500,60053.0,True,False,True,-1,0,70
driverlog_hard,p18.pddl,queueWalker, ,success,60628,experiment_3,141.0,1,0,173126,43281,1478369, ,141,26.5085,25.0911,825,64170.0,True,True,True,0,0,78
driverlog_hard,p19.pddl,queueWalker,['Rebuild plan was not valid!'],success,66484,experiment_3,307.0,1,0,194318,48579,1413674, ,307,37.6976,34.8987,1050,75781.0,True,False,True,-1,0,28
driverlog_hard,p20.pddl,queueWalker,['Rebuild plan was not valid!'],success,44716,experiment_3,146.0,1,0,8218,2054,116265, ,146,3.4194899999999997,2.55175,1276,15919.0,True,False,True,-1,0,14
freecell_hard,p13.pddl,queueWalker, ,success,64472,experiment_3,88.0,1,13,3547,883,5070, ,88,4.07181,2.87181,369,6998.0,True,True,True,0,0,0
freecell_hard,p15.pddl,queueWalker, ,success,95268,experiment_3,95.0,1,24,4734,1177,7085, ,95,6.013,4.23974,407,18459.0,True,True,True,0,0,21
freecell_hard,p16.pddl,queueWalker, ,success,93152,experiment_3,77.0,1,0,1178,294,2153, ,77,2.60316,1.15193,407,5525.0,True,True,True,0,0,10
freecell_hard,p18.pddl,queueWalker, ,success,109096,experiment_3,113.0,1,1428,33790,8090,40038, ,113,55.018,50.5935,446,176168.0,True,True,True,5,1,100
freecell_hard,probfreecell-10-1.pddl,queueWalker, ,success,109044,experiment_3,81.0,1,641,26403,6440,33106, ,81,54.7332,22.0232,376,202887.0,True,True,True,12,1,100
freecell_hard,probfreecell-10-4.pddl,queueWalker, ,success,105116,experiment_3,87.0,1,7,2809,700,5678, ,87,11.93468,6.92378,375,25720.0,True,True,True,5,1,82
freecell_hard,probfreecell-11-2.pddl,queueWalker, ,success,111436,experiment_3,71.0,1,0,2006,501,3899, ,71,4.84377,2.7598,411,7785.0,True,True,True,0,0,6
freecell_hard,probfreecell-11-4.pddl,queueWalker, ,success,111756,experiment_3,84.0,1,29,5115,1271,8285, ,84,9.789439999999999,7.00375,411,51137.0,True,True,True,0,0,37
freecell_hard,probfreecell-11-5.pddl,queueWalker, ,success,111800,experiment_3,122.0,1,75,8541,2116,10975, ,122,13.871500000000001,11.2355,412,27052.0,True,True,True,0,0,43
freecell_hard,probfreecell-12-2.pddl,queueWalker, ,success,117448,experiment_3,85.0,1,29,13887,3464,20469, ,85,33.0907,25.7227,447,74900.0,True,True,True,6,1,88
freecell_hard,probfreecell-12-4.pddl,queueWalker, ,success,117104,experiment_3,107.0,1,56,3738,920,4469, ,107,7.8678,5.27981,448,48268.0,True,True,True,6,1,33
freecell_hard,probfreecell-13-1.pddl,queueWalker, ,success,124828,experiment_3,144.0,1,476,18050,4393,23234, ,144,64.1834,30.3309,484,187540.0,True,True,True,0,0,100
freecell_hard,probfreecell-13-3.pddl,queueWalker, ,success,124792,experiment_3,107.0,1,84,4522,1109,5365, ,107,11.267769999999999,8.72754,483,24235.0,True,True,True,0,0,29
freecell_hard,probfreecell-13-4.pddl,queueWalker, ,success,122904,experiment_3,131.0,1,270,7528,1814,7890, ,131,14.6085,12.2139,483,27538.0,True,True,True,0,0,10
freecell_hard,probfreecell-9-5.pddl,queueWalker, ,success,100592,experiment_3,76.0,1,0,3162,790,5164, ,76,4.79374,3.24775,340,7697.0,True,True,True,0,0,5
logistics_hard,p05.pddl,queueWalker, ,success,64260,experiment_3,167.0,1,0,8962,2240,896348, ,167,4.64185,3.63185,5168,8095.0,True,True,True,0,0,0
logistics_hard,p06.pddl,queueWalker, ,success,109952,experiment_3,201.0,1,0,17606,4401,2148852, ,201,11.77551,9.21951,7192,55849.0,True,True,True,0,0,0
logistics_hard,p07.pddl,queueWalker, ,success,150608,experiment_3,230.0,1,0,23970,5992,3360123, ,230,35.1924,33.1149,9182,81780.0,True,True,True,0,0,0
logistics_hard,p08.pddl,queueWalker, ,success,187104,experiment_3,259.0,1,0,24998,6249,4101367, ,259,35.027499999999996,32.3426,12434,82924.0,True,True,True,0,0,0
logistics_hard,p09.pddl,queueWalker, ,success,309892,experiment_3,307.0,1,0,49582,12395,9254598, ,307,66.63080000000001,62.6148,15065,202273.0,True,True,True,0,0,0
satellite_hard,p28-HC-pfile8.pddl,queueWalker, ,success,238780,experiment_3,220.0,1,0,6834,1708,1815277, ,220,10.12057,5.17156,1352,22549.0,True,True,True,0,0,0
satellite_hard,p29-HC-pfile9.pddl,queueWalker, ,success,230744,experiment_3,190.0,1,0,1274,318,503796, ,190,9.42329,1.55195,1891,22998.0,True,True,True,0,0,0
satellite_hard,p30-HC-pfile10.pddl,queueWalker, ,success,384920,experiment_3,290.0,1,0,9494,2373,4485105, ,290,29.656599999999997,17.987,2245,182359.0,True,True,True,0,0,2
satellite_hard,p31-HC-pfile11.pddl,queueWalker, ,success,813412,experiment_3,285.0,1,0,7406,1851,4327472, ,285,46.699200000000005,31.4303,2735,199252.0,True,True,True,0,0,1
satellite_hard,p34-HC-pfile14.pddl,queueWalker, ,success,736012,experiment_3,290.0,1,0,1162,290,297849, ,290,12.290189999999999,2.5999,1343,24977.0,True,True,True,0,0,0
satellite_hard,p35-HC-pfile15.pddl,queueWalker, ,success,1051616,experiment_3,418.0,1,0,4918,1229,2022638, ,418,33.5684,15.3433,2088,76339.0,True,True,True,0,0,1
satellite_hard,p36-HC-pfile16.pddl,queueWalker, ,success,1110072,experiment_3,395.0,1,0,7630,1907,3925745, ,395,49.7425,32.0146,2512,92622.0,True,True,True,0,0,0
zenotravel_hard,p15.pddl,queueWalker, ,success,23332,experiment_3,45.0,1,0,1378,344,14497, ,45,1.085714,0.131997,333,1646.0,True,True,True,0,0,0
zenotravel_hard,p16.pddl,queueWalker, ,success,28076,experiment_3,54.0,1,0,642,160,14607, ,54,0.751995,0.111997,390,1277.0,True,True,True,0,0,0
zenotravel_hard,p17.pddl,queueWalker, ,success, ,experiment_3, ,0, , , , , , , , , ,2861.0, , ,False, , , 
zenotravel_hard,p18.pddl,queueWalker, ,success,39524,experiment_3,76.0,1,0,1750,437,23749, ,76,1.593474,0.363986,585,4549.0,True,True,True,0,0,0
zenotravel_hard,p19.pddl,queueWalker, ,success,46664,experiment_3,106.0,1,0,3986,996,36291, ,106,2.097421,0.671974,760,5054.0,True,True,True,0,0,7
zenotravel_hard,p20.pddl,queueWalker, ,success,55888,experiment_3,107.0,1,0,5890,1472,92353, ,107,3.7739399999999996,2.11194,820,6718.0,True,True,True,0,0,0
driverlog_hard,p16.pddl,sameoutput, ,success,348580,experiment_3,177.0,1,0,2335870,583967,14872932, ,177,113.621,113.438,500,113732.0,True,True,True,0,0,0
driverlog_hard,p18.pddl,sameoutput, ,success,67624,experiment_3,163.0,1,0,232102,58025,1719997, ,163,20.2228,19.7549,825,20319.0,True,True,True,0,0,0
driverlog_hard,p19.pddl,sameoutput, ,success,67160,experiment_3,277.0,1,0,211402,52850,1514032, ,277,21.601300000000002,20.6553,1050,21711.0,True,True,True,0,0,0
driverlog_hard,p20.pddl,sameoutput, ,success,102408,experiment_3,137.0,1,0,217570,54392,3051451, ,137,51.846199999999996,50.5862,1276,51975.0,True,True,True,0,0,0
freecell_hard,p13.pddl,sameoutput, ,success,64472,experiment_3,88.0,1,13,3547,883,5070, ,88,4.52398,2.67188,369,4613.0,True,True,True,0,0,0
freecell_hard,p15.pddl,sameoutput, ,success,93568,experiment_3,87.0,1,14,8860,2211,12478, ,87,10.1167,8.77168,407,10196.0,True,True,True,0,0,0
freecell_hard,p16.pddl,sameoutput, ,success,93404,experiment_3,84.0,1,13,2855,710,4363, ,84,4.49927,2.92387,407,4586.0,True,True,True,0,0,0
freecell_hard,p18.pddl,sameoutput, ,success,108968,experiment_3,123.0,1,1135,44861,10931,57437, ,123,136.53900000000002,134.859,446,136632.0,True,True,True,0,0,0
freecell_hard,probfreecell-10-1.pddl,sameoutput, ,success,107828,experiment_3,90.0,1,1073,25415,6085,28290, ,90,37.3243,35.6983,376,37412.0,True,True,True,0,0,0
freecell_hard,probfreecell-10-4.pddl,sameoutput, ,success,104764,experiment_3,91.0,1,147,6333,1546,8504, ,91,10.7951,8.0237,375,10912.0,True,True,True,0,0,0
freecell_hard,probfreecell-11-2.pddl,sameoutput, ,success,110860,experiment_3,72.0,1,0,2110,527,4298, ,72,6.36131,4.00381,411,6447.0,True,True,True,0,0,0
freecell_hard,probfreecell-11-4.pddl,sameoutput, ,success,110528,experiment_3,95.0,1,51,5181,1282,6941, ,95,10.01135,7.67567,411,10118.0,True,True,True,0,0,0
freecell_hard,probfreecell-11-5.pddl,sameoutput, ,success,112468,experiment_3,121.0,1,82,13220,3284,17141, ,121,24.967599999999997,20.8186,412,25091.0,True,True,True,0,0,0
freecell_hard,probfreecell-12-2.pddl,sameoutput, ,success,119268,experiment_3,100.0,1,69,50327,12564,73446, ,100,141.349,138.55,447,141482.0,True,True,True,0,0,0
freecell_hard,probfreecell-12-4.pddl,sameoutput, ,success,118244,experiment_3,132.0,1,118,24916,6199,30300, ,132,72.9706,71.2655,448,73089.0,True,True,True,0,0,0
freecell_hard,probfreecell-13-1.pddl,sameoutput, ,success,126392,experiment_3,140.0,1,3023,49365,11585,52968, ,140,98.7547,96.1307,484,98852.0,True,True,True,0,0,0
freecell_hard,probfreecell-13-3.pddl,sameoutput, ,success,124528,experiment_3,108.0,1,88,4830,1185,5651, ,108,10.95627,7.59573,483,11060.0,True,True,True,0,0,0
freecell_hard,probfreecell-13-4.pddl,sameoutput, ,success,125612,experiment_3,127.0,1,1202,29296,7023,28917, ,127,48.3643,43.0623,483,48522.0,True,True,True,0,0,0
freecell_hard,probfreecell-9-5.pddl,sameoutput, ,success,100584,experiment_3,76.0,1,0,3162,790,5149, ,76,4.1058900000000005,2.82789,340,4181.0,True,True,True,0,0,0
logistics_hard,p05.pddl,sameoutput, ,success,64260,experiment_3,167.0,1,0,8962,2240,896348, ,167,4.85645,3.6557,5168,4962.0,True,True,True,0,0,0
logistics_hard,p06.pddl,sameoutput, ,success,109952,experiment_3,201.0,1,0,17606,4401,2148852, ,201,14.3813,12.7713,7192,14475.0,True,True,True,0,0,0
logistics_hard,p07.pddl,sameoutput, ,success,150608,experiment_3,230.0,1,0,23970,5992,3360123, ,230,27.3764,25.3871,9182,27506.0,True,True,True,0,0,0
logistics_hard,p08.pddl,sameoutput, ,success,187104,experiment_3,259.0,1,0,24998,6249,4101367, ,259,32.223600000000005,29.9705,12434,32326.0,True,True,True,0,0,0
logistics_hard,p09.pddl,sameoutput, ,success,309892,experiment_3,307.0,1,0,49582,12395,9254598, ,307,56.8066,52.916,15065,56939.0,True,True,True,0,0,0
satellite_hard,p28-HC-pfile8.pddl,sameoutput, ,success,238780,experiment_3,220.0,1,0,6834,1708,1815277, ,220,12.17287,6.70771,1352,12302.0,True,True,True,0,0,0
satellite_hard,p29-HC-pfile9.pddl,sameoutput, ,success,230744,experiment_3,190.0,1,0,1274,318,503796, ,190,15.937809999999999,4.08785,1891,16183.0,True,True,True,0,0,0
satellite_hard,p30-HC-pfile10.pddl,sameoutput, ,success,472076,experiment_3,290.0,1,0,19878,4969,9390147, ,290,53.7978,40.246,2245,54005.0,True,True,True,0,0,0
satellite_hard,p31-HC-pfile11.pddl,sameoutput, ,success,813360,experiment_3,285.0,1,0,7406,1851,4326760, ,285,44.211600000000004,25.4106,2735,44465.0,True,True,True,0,0,0
satellite_hard,p34-HC-pfile14.pddl,sameoutput, ,success,736012,experiment_3,290.0,1,0,1162,290,297849, ,290,14.35499,2.3559,1343,14510.0,True,True,True,0,0,0
satellite_hard,p35-HC-pfile15.pddl,sameoutput, ,success,1052724,experiment_3,418.0,1,0,5070,1267,2084827, ,418,27.3759,13.783,2088,27572.0,True,True,True,0,0,0
satellite_hard,p36-HC-pfile16.pddl,sameoutput, ,success,1110072,experiment_3,395.0,1,0,7630,1907,3925745, ,395,51.5631,27.0749,2512,51887.0,True,True,True,0,0,0
zenotravel_hard,p15.pddl,sameoutput, ,success,23332,experiment_3,45.0,1,0,1378,344,14497, ,45,0.53769,0.0799978,333,620.0,True,True,True,0,0,0
zenotravel_hard,p16.pddl,sameoutput, ,success,28076,experiment_3,54.0,1,0,642,160,14607, ,54,0.6833587,0.0479983,390,767.0,True,True,True,0,0,0
zenotravel_hard,p17.pddl,sameoutput, ,success,33976,experiment_3,78.0,1,0,3094,773,45838, ,78,2.077622,0.511981,535,2163.0,True,True,True,0,0,0
zenotravel_hard,p18.pddl,sameoutput, ,success,39524,experiment_3,76.0,1,0,1750,437,23749, ,76,1.869991,0.319991,585,1956.0,True,True,True,0,0,0
zenotravel_hard,p19.pddl,sameoutput, ,success,46928,experiment_3,96.0,1,0,2410,602,38507, ,96,2.215926,0.779927,760,2300.0,True,True,True,0,0,0
zenotravel_hard,p20.pddl,sameoutput, ,success,55888,experiment_3,107.0,1,0,5890,1472,92353, ,107,3.53374,1.96394,820,3614.0,True,True,True,0,0,0
driverlog_hard,p16.pddl,greedyResumeWalker,['Invalid paths was generated!'],success, ,experiment_3, , , , , , , , , , , ,647.0, , ,False, , , 
driverlog_hard,p18.pddl,greedyResumeWalker,['Invalid paths was generated!'],success, ,experiment_3, , , , , , , , , , , ,640.0, , ,False, , , 
driverlog_hard,p19.pddl,greedyResumeWalker,['Invalid paths was generated!'],success, ,experiment_3, , , , , , , , , , , ,632.0, , ,False, , , 
driverlog_hard,p20.pddl,greedyResumeWalker,['Invalid paths was generated!'],success, ,experiment_3, , , , , , , , , , , ,552.0, , ,False, , , 
freecell_hard,p13.pddl,greedyResumeWalker,['Invalid paths was generated!'],success, ,experiment_3, , , , , , , , , , , ,1264.0, , ,False, , , 
freecell_hard,p15.pddl,greedyResumeWalker,['Invalid paths was generated!'],success, ,experiment_3, , , , , , , , , , , ,917.0, , ,False, , , 
freecell_hard,p16.pddl,greedyResumeWalker,['Invalid paths was generated!'],success, ,experiment_3, , , , , , , , , , , ,983.0, , ,False, , , 
freecell_hard,p18.pddl,greedyResumeWalker,['Invalid paths was generated!'],success, ,experiment_3, , , , , , , , , , , ,909.0, , ,False, , , 
freecell_hard,probfreecell-10-1.pddl,greedyResumeWalker,['Invalid paths was generated!'],success, ,experiment_3, , , , , , , , , , , ,693.0, , ,False, , , 
freecell_hard,probfreecell-10-4.pddl,greedyResumeWalker,['Invalid paths was generated!'],success, ,experiment_3, , , , , , , , , , , ,960.0, , ,False, , , 
freecell_hard,probfreecell-11-2.pddl,greedyResumeWalker,['Invalid paths was generated!'],success, ,experiment_3, , , , , , , , , , , ,691.0, , ,False, , , 
freecell_hard,probfreecell-11-4.pddl,greedyResumeWalker,['Invalid paths was generated!'],success, ,experiment_3, , , , , , , , , , , ,828.0, , ,False, , , 
freecell_hard,probfreecell-11-5.pddl,greedyResumeWalker,['Invalid paths was generated!'],success, ,experiment_3, , , , , , , , , , , ,780.0, , ,False, , , 
freecell_hard,probfreecell-12-2.pddl,greedyResumeWalker,['Invalid paths was generated!'],success, ,experiment_3, , , , , , , , , , , ,708.0, , ,False, , , 
freecell_hard,probfreecell-12-4.pddl,greedyResumeWalker,['Invalid paths was generated!'],success, ,experiment_3, , , , , , , , , , , ,732.0, , ,False, , , 
freecell_hard,probfreecell-13-1.pddl,greedyResumeWalker,['Invalid paths was generated!'],success, ,experiment_3, , , , , , , , , , , ,733.0, , ,False, , , 
freecell_hard,probfreecell-13-3.pddl,greedyResumeWalker,['Invalid paths was generated!'],success, ,experiment_3, , , , , , , , , , , ,895.0, , ,False, , , 
freecell_hard,probfreecell-13-4.pddl,greedyResumeWalker,['Invalid paths was generated!'],success, ,experiment_3, , , , , , , , , , , ,759.0, , ,False, , , 
freecell_hard,probfreecell-9-5.pddl,greedyResumeWalker,['Invalid paths was generated!'],success, ,experiment_3, , , , , , , , , , , ,748.0, , ,False, , , 
logistics_hard,p05.pddl,greedyResumeWalker, ,success,64260,experiment_3,167.0,1,0,8962,2240,896348, ,167,4.679,3.65586,5168,9415.0,True,True,True,0,0,0
logistics_hard,p06.pddl,greedyResumeWalker, ,success,109952,experiment_3,201.0,1,0,17606,4401,2148852, ,201,13.135000000000002,11.647,7192,27307.0,True,True,True,0,0,0
logistics_hard,p07.pddl,greedyResumeWalker, ,success,150608,experiment_3,230.0,1,0,23970,5992,3360123, ,230,29.925800000000002,28.0424,9182,74933.0,True,True,True,0,0,0
logistics_hard,p08.pddl,greedyResumeWalker, ,success,187104,experiment_3,259.0,1,0,24998,6249,4101367, ,259,28.0636,25.3583,12434,80945.0,True,True,True,0,0,0
logistics_hard,p09.pddl,greedyResumeWalker, ,success,309892,experiment_3,307.0,1,0,49582,12395,9254598, ,307,41.3642,38.9171,15065,174182.0,True,True,True,0,0,0
satellite_hard,p28-HC-pfile8.pddl,greedyResumeWalker,['Invalid paths was generated!'],success, ,experiment_3, , , , , , , , , , , ,780.0, , ,False, , , 
satellite_hard,p29-HC-pfile9.pddl,greedyResumeWalker,['Invalid paths was generated!'],success, ,experiment_3, , , , , , , , , , , ,958.0, , ,False, , , 
satellite_hard,p30-HC-pfile10.pddl,greedyResumeWalker,['Invalid paths was generated!'],success, ,experiment_3, , , , , , , , , , , ,1061.0, , ,False, , , 
satellite_hard,p31-HC-pfile11.pddl,greedyResumeWalker,['Invalid paths was generated!'],success, ,experiment_3, , , , , , , , , , , ,4701.0, , ,False, , , 
satellite_hard,p34-HC-pfile14.pddl,greedyResumeWalker,['Invalid paths was generated!'],success, ,experiment_3, , , , , , , , , , , ,790.0, , ,False, , , 
satellite_hard,p35-HC-pfile15.pddl,greedyResumeWalker,['Invalid paths was generated!'],success, ,experiment_3, , , , , , , , , , , ,519.0, , ,False, , , 
satellite_hard,p36-HC-pfile16.pddl,greedyResumeWalker,['Invalid paths was generated!'],success, ,experiment_3, , , , , , , , , , , ,603.0, , ,False, , , 
zenotravel_hard,p15.pddl,greedyResumeWalker,['Invalid paths was generated!'],success, ,experiment_3, , , , , , , , , , , ,652.0, , ,False, , , 
zenotravel_hard,p16.pddl,greedyResumeWalker,['Invalid paths was generated!'],success, ,experiment_3, , , , , , , , , , , ,547.0, , ,False, , , 
zenotravel_hard,p17.pddl,greedyResumeWalker,['Invalid paths was generated!'],success, ,experiment_3, , , , , , , , , , , ,595.0, , ,False, , , 
zenotravel_hard,p18.pddl,greedyResumeWalker,['Invalid paths was generated!'],success, ,experiment_3, , , , , , , , , , , ,617.0, , ,False, , , 
zenotravel_hard,p19.pddl,greedyResumeWalker,['Invalid paths was generated!'],success, ,experiment_3, , , , , , , , , , , ,547.0, , ,False, , , 
zenotravel_hard,p20.pddl,greedyResumeWalker,['Invalid paths was generated!'],success, ,experiment_3, ,0, , , , , , , , , ,3711.0, , ,False, , , 
driverlog_hard,p16.pddl,greedyWalker,['Rebuild plan was not valid!'],success,90792,experiment_3,173.0,1,0,547630,136907,3026880, ,173,18.9179,18.5626,500,158840.0,True,False,True,-1,0,14
driverlog_hard,p18.pddl,greedyWalker, ,success,31164,experiment_3,156.0,1,0,11214,2803,102249, ,156,1.635954,0.959955,825,5823.0,True,True,True,0,0,4
driverlog_hard,p19.pddl,greedyWalker,['Rebuild plan was not valid!'],success,46952,experiment_3,281.0,1,0,62518,15629,461985, ,281,5.00082,4.37183,1050,50763.0,True,False,True,-6,0,34
driverlog_hard,p20.pddl,greedyWalker, ,success,45360,experiment_3,171.0,1,0,8358,2089,122104, ,171,3.4275100000000003,2.69976,1276,17692.0,True,True,True,0,0,1
freecell_hard,p13.pddl,greedyWalker, ,success,65072,experiment_3,87.0,1,13,3271,814,4687, ,87,3.33355,2.19581,369,10058.0,True,True,True,0,0,1
freecell_hard,p15.pddl,greedyWalker, ,success,92936,experiment_3,95.0,1,13,3239,806,4666, ,95,5.0285,2.99171,407,9835.0,True,True,True,8,1,6
freecell_hard,p16.pddl,greedyWalker,['Invalid macros was generated!'],success, ,experiment_3, ,0, , , , , , , , , ,5429.0, , ,False, , , 
freecell_hard,p18.pddl,greedyWalker,['Invalid macros was generated!'],success, ,experiment_3, ,0, , , , , , , , , ,4562.0, , ,False, , , 
freecell_hard,probfreecell-10-1.pddl,greedyWalker, ,success, ,experiment_3, ,0, , , , , , , , , ,3868.0, , ,False, , , 
freecell_hard,probfreecell-10-4.pddl,greedyWalker, ,success,104772,experiment_3,91.0,1,147,6345,1549,8520, ,91,9.76685,7.78741,375,29285.0,True,True,True,0,0,3
freecell_hard,probfreecell-11-2.pddl,greedyWalker, ,success, ,experiment_3, , , , , , , , , , , ,652.0, , ,False, , , 
freecell_hard,probfreecell-11-4.pddl,greedyWalker, ,success,87316,experiment_3, ,0, , , , , , , , ,411,18459.0, , ,False, , , 
freecell_hard,probfreecell-11-5.pddl,greedyWalker, ,success, ,experiment_3, ,0, , , , , , , , , ,4522.0, , ,False, , , 
freecell_hard,probfreecell-12-2.pddl,greedyWalker, ,success, ,experiment_3, , , , , , , , , , , ,661.0, , ,False, , , 
freecell_hard,probfreecell-12-4.pddl,greedyWalker, ,success,90476,experiment_3, ,0, , , , , , , , ,448,18543.0, , ,False, , , 
freecell_hard,probfreecell-13-1.pddl,greedyWalker, ,success, ,experiment_3, , , , , , , , , , , ,763.0, , ,False, , , 
freecell_hard,probfreecell-13-3.pddl,greedyWalker, ,success,125144,experiment_3,108.0,1,88,4834,1186,5711, ,108,13.05471,9.39137,483,35163.0,True,True,True,0,0,6
freecell_hard,probfreecell-13-4.pddl,greedyWalker, ,success,104048,experiment_3, ,0, , , , , , , , ,483,59812.0, , ,False, , , 
freecell_hard,probfreecell-9-5.pddl,greedyWalker,['Invalid macros was generated!'],success,89844,experiment_3, ,0, , , , , , , , ,340,19724.0, , ,False, , , 
logistics_hard,p05.pddl,greedyWalker, ,success,64260,experiment_3,167.0,1,0,8962,2240,896348, ,167,4.61705,3.54771,5168,20083.0,True,True,True,0,0,0
logistics_hard,p06.pddl,greedyWalker, ,success,109952,experiment_3,201.0,1,0,17606,4401,2148852, ,201,12.627,11.019,7192,58896.0,True,True,True,0,0,0
logistics_hard,p07.pddl,greedyWalker, ,success,150608,experiment_3,230.0,1,0,23970,5992,3360123, ,230,34.4633,30.6587,9182,81224.0,True,True,True,0,0,0
logistics_hard,p08.pddl,greedyWalker, ,success,187104,experiment_3,259.0,1,0,24998,6249,4101367, ,259,24.5788,21.7309,12434,72398.0,True,True,True,0,0,0
logistics_hard,p09.pddl,greedyWalker, ,success,309892,experiment_3,307.0,1,0,49582,12395,9254598, ,307,118.113,114.535,15065,262574.0,True,True,True,0,0,0
satellite_hard,p28-HC-pfile8.pddl,greedyWalker,['Invalid paths was generated!'],success, ,experiment_3, , , , , , , , , , , ,2756.0, , ,False, , , 
satellite_hard,p29-HC-pfile9.pddl,greedyWalker,['Invalid paths was generated!'],success, ,experiment_3, , , , , , , , , , , ,1313.0, , ,False, , , 
satellite_hard,p30-HC-pfile10.pddl,greedyWalker,['Invalid paths was generated!'],success, ,experiment_3, , , , , , , , , , , ,2044.0, , ,False, , , 
satellite_hard,p31-HC-pfile11.pddl,greedyWalker,['Invalid paths was generated!'],success, ,experiment_3, , , , , , , , , , , ,3403.0, , ,False, , , 
satellite_hard,p34-HC-pfile14.pddl,greedyWalker,['Invalid paths was generated!'],success, ,experiment_3, , , , , , , , , , , ,639.0, , ,False, , , 
satellite_hard,p35-HC-pfile15.pddl,greedyWalker,['Invalid paths was generated!'],success, ,experiment_3, , , , , , , , , , , ,835.0, , ,False, , , 
satellite_hard,p36-HC-pfile16.pddl,greedyWalker,['Invalid paths was generated!'],success, ,experiment_3, , , , , , , , , , , ,1211.0, , ,False, , , 
zenotravel_hard,p15.pddl,greedyWalker, ,success,23332,experiment_3,45.0,1,0,1378,344,14497, ,45,1.095347,0.147995,333,1753.0,True,True,True,0,0,0
zenotravel_hard,p16.pddl,greedyWalker, ,success, ,experiment_3, , , , , , , , , , , ,543.0, , ,False, , , 
zenotravel_hard,p17.pddl,greedyWalker, ,success, ,experiment_3, , , , , , , , , , , ,567.0, , ,False, , , 
zenotravel_hard,p18.pddl,greedyWalker, ,success, ,experiment_3, , , , , , , , , , , ,527.0, , ,False, , , 
zenotravel_hard,p19.pddl,greedyWalker, ,success, ,experiment_3, , , , , , , , , , , ,545.0, , ,False, , , 
zenotravel_hard,p20.pddl,greedyWalker, ,success,55888,experiment_3,107.0,1,0,5890,1472,92353, ,107,4.98292,2.77185,820,8151.0,True,True,True,0,0,0
driverlog_hard,p16.pddl,probeWalker,['Rebuild plan was not valid!'],success,37820,experiment_3,145.0,1,0,112898,28224,762274, ,145,4.11715,3.90362,500,77300.0,True,False,True,-5,0,5
driverlog_hard,p18.pddl,probeWalker,['Rebuild plan was not valid!'],success,43304,experiment_3,227.0,1,0,68302,17075,616624, ,227,5.0096300000000005,4.58375,825,29881.0,True,False,True,-3,0,12
driverlog_hard,p19.pddl,probeWalker,['Rebuild plan was not valid!'],success,63656,experiment_3,309.0,1,0,159822,39955,1206857, ,309,11.6109,10.9349,1050,37614.0,True,False,True,-5,0,4
driverlog_hard,p20.pddl,probeWalker,['Rebuild plan was not valid!'],success,46696,experiment_3,182.0,1,0,11834,2958,184538, ,182,5.115819999999999,3.63582,1276,10799.0,True,False,True,-1,0,17
freecell_hard,p13.pddl,probeWalker, ,success, ,experiment_3, , , , , , , , , , , ,3044.0, , ,False, , , 
freecell_hard,p15.pddl,probeWalker, ,success,78684,experiment_3, ,0, , , , , , , , ,407,69839.0, , ,False, , , 
freecell_hard,p16.pddl,probeWalker, ,success, ,experiment_3, , , , , , , , , , , ,2935.0, , ,False, , , 
freecell_hard,p18.pddl,probeWalker,['Invalid macros was generated!'],success,86200,experiment_3, ,0, , , , , , , , ,446,226593.0, , ,False, , , 
freecell_hard,probfreecell-10-1.pddl,probeWalker, ,success,86256,experiment_3, ,0, , , , , , , , ,376,66321.0, , ,False, , , 
freecell_hard,probfreecell-10-4.pddl,probeWalker, ,success, ,experiment_3, , , , , , , , , , , ,3928.0, , ,False, , , 
freecell_hard,probfreecell-11-2.pddl,probeWalker, ,success, ,experiment_3, , , , , , , , , , , ,3509.0, , ,False, , , 
freecell_hard,probfreecell-11-4.pddl,probeWalker, ,success, ,experiment_3, , , , , , , , , , , ,3493.0, , ,False, , , 
freecell_hard,probfreecell-11-5.pddl,probeWalker, ,success, ,experiment_3, , , , , , , , , , , ,2948.0, , ,False, , , 
freecell_hard,probfreecell-12-2.pddl,probeWalker, ,success, ,experiment_3, , , , , , , , , , , ,3183.0, , ,False, , , 
freecell_hard,probfreecell-12-4.pddl,probeWalker, ,success, ,experiment_3, , , , , , , , , , , ,3486.0, , ,False, , , 
freecell_hard,probfreecell-13-1.pddl,probeWalker, ,success,123808,experiment_3,130.0,1,70,6908,1709,9396, ,130,12.6248,10.1596,484,68528.0,True,True,True,4,1,8
freecell_hard,probfreecell-13-3.pddl,probeWalker, ,success,107092,experiment_3, ,0, , , , , , , , ,483,166181.0, , ,False, , , 
freecell_hard,probfreecell-13-4.pddl,probeWalker, ,success, ,experiment_3, ,0, , , , , , , , , ,15654.0, , ,False, , , 
freecell_hard,probfreecell-9-5.pddl,probeWalker, ,success, ,experiment_3, ,0, , , , , , , , , ,19239.0, , ,False, , , 
logistics_hard,p05.pddl,probeWalker, ,success,64260,experiment_3,167.0,1,0,8962,2240,896348, ,167,4.18436,3.25584,5168,7596.0,True,True,True,0,0,0
logistics_hard,p06.pddl,probeWalker, ,success,109952,experiment_3,201.0,1,0,17606,4401,2148852, ,201,13.9646,12.3029,7192,28794.0,True,True,True,0,0,0
logistics_hard,p07.pddl,probeWalker, ,success,150608,experiment_3,230.0,1,0,23970,5992,3360123, ,230,22.1403,20.2907,9182,65798.0,True,True,True,0,0,0
logistics_hard,p08.pddl,probeWalker, ,success,187104,experiment_3,259.0,1,0,24998,6249,4101367, ,259,28.790599999999998,26.3027,12434,73846.0,True,True,True,0,0,0
logistics_hard,p09.pddl,probeWalker, ,success,309892,experiment_3,307.0,1,0,49582,12395,9254598, ,307,79.7308,75.9568,15065,206327.0,True,True,True,0,0,0
satellite_hard,p28-HC-pfile8.pddl,probeWalker,['Invalid paths was generated!'],success, ,experiment_3, , , , , , , , , , , ,1200.0, , ,False, , , 
satellite_hard,p29-HC-pfile9.pddl,probeWalker,['Invalid paths was generated!'],success, ,experiment_3, , , , , , , , , , , ,551.0, , ,False, , , 
satellite_hard,p30-HC-pfile10.pddl,probeWalker,['Invalid paths was generated!'],success, ,experiment_3, , , , , , , , , , , ,519.0, , ,False, , , 
satellite_hard,p31-HC-pfile11.pddl,probeWalker,['Invalid paths was generated!'],success, ,experiment_3, , , , , , , , , , , ,685.0, , ,False, , , 
satellite_hard,p34-HC-pfile14.pddl,probeWalker,['Invalid paths was generated!'],success, ,experiment_3, , , , , , , , , , , ,584.0, , ,False, , , 
satellite_hard,p35-HC-pfile15.pddl,probeWalker,['Invalid paths was generated!'],success, ,experiment_3, , , , , , , , , , , ,867.0, , ,False, , , 
satellite_hard,p36-HC-pfile16.pddl,probeWalker,['Invalid paths was generated!'],success, ,experiment_3, , , , , , , , , , , ,660.0, , ,False, , , 
zenotravel_hard,p15.pddl,probeWalker, ,success,20836,experiment_3,43.0,1,0,938,234,12333, ,43,1.202212,0.135995,631,7088.0,True,True,True,6,3,30
zenotravel_hard,p16.pddl,probeWalker, ,success,28084,experiment_3,54.0,1,0,642,160,14670, ,54,0.7019984,0.0559987,390,1692.0,True,True,True,0,0,1
zenotravel_hard,p17.pddl,probeWalker,['Invalid macros was generated!'],success, ,experiment_3, ,0, , , , , , , , , ,6256.0, , ,False, , , 
zenotravel_hard,p18.pddl,probeWalker, ,success,39512,experiment_3,76.0,1,0,1750,437,23935, ,76,3.0839499999999997,0.61597,585,9151.0,True,True,True,0,0,6
zenotravel_hard,p19.pddl,probeWalker, ,success,47092,experiment_3,96.0,1,0,2410,602,38814, ,96,2.481887,0.751968,760,8030.0,True,True,True,0,0,1
zenotravel_hard,p20.pddl,probeWalker, ,success,55888,experiment_3,107.0,1,0,5890,1472,92353, ,107,3.9639,2.25191,820,8191.0,True,True,True,0,0,0
driverlog_hard,p16.pddl,queueWalker,['Rebuild plan was not valid!'],success,88044,experiment_3,149.0,1,0,505858,126464,2843080, ,149,21.0002,19.4872,500,58694.0,True,False,True,-1,0,100
driverlog_hard,p18.pddl,queueWalker, ,success,67904,experiment_3,155.0,1,0,232798,58199,1731020, ,155,17.520599999999998,16.9185,825,55566.0,True,True,True,0,0,60
driverlog_hard,p19.pddl,queueWalker,['Rebuild plan was not valid!'],success,66552,experiment_3,305.0,1,0,192486,48121,1400674, ,305,18.127299999999998,14.5867,1050,56202.0,True,False,True,-1,0,61
driverlog_hard,p20.pddl,queueWalker,['Rebuild plan was not valid!'],success,45644,experiment_3,166.0,1,0,9326,2331,130420, ,166,2.88627,2.1678,1276,15386.0,True,False,True,-1,0,9
freecell_hard,p13.pddl,queueWalker, ,success,64472,experiment_3,88.0,1,13,3547,883,5070, ,88,4.1432400000000005,2.39589,369,7104.0,True,True,True,0,0,0
freecell_hard,p15.pddl,queueWalker, ,success,95212,experiment_3,95.0,1,24,4734,1177,7085, ,95,5.82508,4.05183,407,17901.0,True,True,True,0,0,21
freecell_hard,p16.pddl,queueWalker, ,success,93160,experiment_3,77.0,1,0,1170,292,2141, ,77,2.76659,1.21194,407,5708.0,True,True,True,0,0,13
freecell_hard,p18.pddl,queueWalker, ,success,110308,experiment_3,125.0,1,2522,68332,16452,79451, ,125,105.54299999999999,98.2519,446,462324.0,True,True,True,7,1,100
freecell_hard,probfreecell-10-1.pddl,queueWalker, ,success,107756,experiment_3,81.0,1,77,5579,1375,7664, ,81,17.74572,6.32773,376,29294.0,True,True,True,8,1,66
freecell_hard,probfreecell-10-4.pddl,queueWalker, ,success,105104,experiment_3,74.0,1,4,2238,558,4260, ,74,4.79185,2.55186,375,7787.0,True,True,True,5,2,45
freecell_hard,probfreecell-11-2.pddl,queueWalker, ,success,111528,experiment_3,73.0,1,0,2122,530,4311, ,73,4.2297899999999995,2.34791,411,7141.0,True,True,True,0,0,9
freecell_hard,probfreecell-11-4.pddl,queueWalker, ,success,112372,experiment_3,118.0,1,120,5794,1418,7952, ,118,11.16436,9.21141,411,23758.0,True,True,True,4,1,17
freecell_hard,probfreecell-11-5.pddl,queueWalker, ,success,112908,experiment_3,125.0,1,115,13957,3460,16242, ,125,22.7809,19.2112,412,143081.0,True,True,True,0,0,100
freecell_hard,probfreecell-12-2.pddl,queueWalker, ,success,117468,experiment_3,85.0,1,29,13887,3464,20469, ,85,35.5626,28.8786,447,77393.0,True,True,True,6,1,88
freecell_hard,probfreecell-12-4.pddl,queueWalker, ,success,116872,experiment_3,97.0,1,97,3635,884,4023, ,97,6.679550000000001,4.24759,448,21033.0,True,True,True,4,1,20
freecell_hard,probfreecell-13-1.pddl,queueWalker, ,success,124840,experiment_3,144.0,1,461,17975,4378,23194, ,144,58.927899999999994,30.2742,484,99792.0,True,True,True,0,0,100
freecell_hard,probfreecell-13-3.pddl,queueWalker, ,success,124408,experiment_3,108.0,1,88,4830,1185,5660, ,108,10.777259999999998,8.25129,483,22007.0,True,True,True,0,0,9
freecell_hard,probfreecell-13-4.pddl,queueWalker, ,success,122920,experiment_3,131.0,1,270,7528,1814,7893, ,131,13.6839,11.1113,483,27150.0,True,True,True,0,0,11
freecell_hard,probfreecell-9-5.pddl,queueWalker, ,success,100464,experiment_3,78.0,1,0,2482,620,4347, ,78,4.50575,2.75975,340,7489.0,True,True,True,0,0,23
logistics_hard,p05.pddl,queueWalker, ,success,64260,experiment_3,167.0,1,0,8962,2240,896348, ,167,4.10567,3.07969,5168,8038.0,True,True,True,0,0,0
logistics_hard,p06.pddl,queueWalker, ,success,109952,experiment_3,201.0,1,0,17606,4401,2148852, ,201,13.844800000000001,12.4194,7192,27976.0,True,True,True,0,0,0
logistics_hard,p07.pddl,queueWalker, ,success,150608,experiment_3,230.0,1,0,23970,5992,3360123, ,230,36.3508,32.0948,9182,80734.0,True,True,True,0,0,0
logistics_hard,p08.pddl,queueWalker, ,success,187104,experiment_3,259.0,1,0,24998,6249,4101367, ,259,57.0608,51.5179,12434,184909.0,True,True,True,0,0,0
logistics_hard,p09.pddl,queueWalker, ,success,309892,experiment_3,307.0,1,0,49582,12395,9254598, ,307,81.2259,76.696,15065,218026.0,True,True,True,0,0,0
satellite_hard,p28-HC-pfile8.pddl,queueWalker, ,success,238780,experiment_3,220.0,1,0,6834,1708,1815277, ,220,13.73776,4.55179,1352,26506.0,True,True,True,0,0,0
satellite_hard,p29-HC-pfile9.pddl,queueWalker, ,success,230744,experiment_3,190.0,1,0,1274,318,503796, ,190,9.04184,2.00787,1891,21938.0,True,True,True,0,0,0
satellite_hard,p30-HC-pfile10.pddl,queueWalker, ,success,472060,experiment_3,290.0,1,0,19878,4969,9395889, ,290,34.0421,25.5504,2245,175670.0,True,True,True,0,0,2
satellite_hard,p31-HC-pfile11.pddl,queueWalker, ,success,813360,experiment_3,285.0,1,0,7406,1851,4326760, ,285,44.844899999999996,26.9625,2735,92477.0,True,True,True,0,0,0
satellite_hard,p34-HC-pfile14.pddl,queueWalker, ,success,736012,experiment_3,290.0,1,0,1162,290,297849, ,290,12.49222,2.46791,1343,52194.0,True,True,True,0,0,0
satellite_hard,p35-HC-pfile15.pddl,queueWalker, ,success,1052724,experiment_3,418.0,1,0,5070,1267,2084827, ,418,39.5443,24.7986,2088,80028.0,True,True,True,0,0,0
satellite_hard,p36-HC-pfile16.pddl,queueWalker, ,success,1110072,experiment_3,395.0,1,0,7630,1907,3925745, ,395,52.7609,30.3065,2512,95531.0,True,True,True,0,0,0
zenotravel_hard,p15.pddl,queueWalker, ,success,23332,experiment_3,45.0,1,0,1378,344,14497, ,45,0.591997,0.0839965,333,1112.0,True,True,True,0,0,0
zenotravel_hard,p16.pddl,queueWalker, ,success,28076,experiment_3,54.0,1,0,642,160,14607, ,54,0.777185,0.0679981,390,1322.0,True,True,True,0,0,0
zenotravel_hard,p17.pddl,queueWalker, ,success, ,experiment_3, ,0, , , , , , , , , ,2935.0, , ,False, , , 
zenotravel_hard,p18.pddl,queueWalker, ,success,39524,experiment_3,76.0,1,0,1750,437,23749, ,76,1.515958,0.315992,585,4484.0,True,True,True,0,0,0
zenotravel_hard,p19.pddl,queueWalker, ,success,46508,experiment_3,90.0,1,0,2426,606,25120, ,90,2.541958,0.591961,760,5506.0,True,True,True,2,1,10
zenotravel_hard,p20.pddl,queueWalker, ,success,55888,experiment_3,107.0,1,0,5890,1472,92353, ,107,5.50585,3.29185,820,8498.0,True,True,True,0,0,0
driverlog_hard,p16.pddl,sameoutput, ,success,348580,experiment_3,177.0,1,0,2335870,583967,14872932, ,177,109.348,109.078,500,109538.0,True,True,True,0,0,0
driverlog_hard,p18.pddl,sameoutput, ,success,67624,experiment_3,163.0,1,0,232102,58025,1719997, ,163,20.2782,19.9429,825,20356.0,True,True,True,0,0,0
driverlog_hard,p19.pddl,sameoutput, ,success,67160,experiment_3,277.0,1,0,211402,52850,1514032, ,277,14.1624,13.5513,1050,14242.0,True,True,True,0,0,0
driverlog_hard,p20.pddl,sameoutput, ,success,102408,experiment_3,137.0,1,0,217570,54392,3051451, ,137,63.8988,63.0171,1276,64005.0,True,True,True,0,0,0
freecell_hard,p13.pddl,sameoutput, ,success,64472,experiment_3,88.0,1,13,3547,883,5070, ,88,3.21081,2.24392,369,3274.0,True,True,True,0,0,0
freecell_hard,p15.pddl,sameoutput, ,success,93568,experiment_3,87.0,1,14,8860,2211,12478, ,87,10.96819,9.33161,407,11069.0,True,True,True,0,0,0
freecell_hard,p16.pddl,sameoutput, ,success,93404,experiment_3,84.0,1,13,2855,710,4363, ,84,4.1661,2.7239,407,4255.0,True,True,True,0,0,0
freecell_hard,p18.pddl,sameoutput, ,success,108968,experiment_3,123.0,1,1135,44861,10931,57437, ,123,58.6514,56.6408,446,58758.0,True,True,True,0,0,0
freecell_hard,probfreecell-10-1.pddl,sameoutput, ,success,107828,experiment_3,90.0,1,1073,25415,6085,28290, ,90,32.4458,30.7745,376,32554.0,True,True,True,0,0,0
freecell_hard,probfreecell-10-4.pddl,sameoutput, ,success,104764,experiment_3,91.0,1,147,6333,1546,8504, ,91,15.609000000000002,12.5272,375,15717.0,True,True,True,0,0,0
freecell_hard,probfreecell-11-2.pddl,sameoutput, ,success,110860,experiment_3,72.0,1,0,2110,527,4298, ,72,4.62079,2.82787,411,4714.0,True,True,True,0,0,0
freecell_hard,probfreecell-11-4.pddl,sameoutput, ,success,110528,experiment_3,95.0,1,51,5181,1282,6941, ,95,8.2355,6.47173,411,8309.0,True,True,True,0,0,0
freecell_hard,probfreecell-11-5.pddl,sameoutput, ,success,112468,experiment_3,121.0,1,82,13220,3284,17141, ,121,18.6549,16.7991,412,18733.0,True,True,True,0,0,0
freecell_hard,probfreecell-12-2.pddl,sameoutput, ,success,119268,experiment_3,100.0,1,69,50327,12564,73446, ,100,151.305,148.97,447,151455.0,True,True,True,0,0,0
freecell_hard,probfreecell-12-4.pddl,sameoutput, ,success,118244,experiment_3,132.0,1,118,24916,6199,30300, ,132,42.2349,39.2656,448,42354.0,True,True,True,0,0,0
freecell_hard,probfreecell-13-1.pddl,sameoutput, ,success,126392,experiment_3,140.0,1,3023,49365,11585,52968, ,140,77.281,72.7973,484,77401.0,True,True,True,0,0,0
freecell_hard,probfreecell-13-3.pddl,sameoutput, ,success,124528,experiment_3,108.0,1,88,4830,1185,5651, ,108,9.47745,7.30367,483,9564.0,True,True,True,0,0,0
freecell_hard,probfreecell-13-4.pddl,sameoutput, ,success,125612,experiment_3,127.0,1,1202,29296,7023,28917, ,127,112.32000000000001,108.29,483,112457.0,True,True,True,0,0,0
freecell_hard,probfreecell-9-5.pddl,sameoutput, ,success,100584,experiment_3,76.0,1,0,3162,790,5149, ,76,4.27776,2.8438,340,4341.0,True,True,True,0,0,0
logistics_hard,p05.pddl,sameoutput, ,success,64260,experiment_3,167.0,1,0,8962,2240,896348, ,167,4.7064699999999995,3.67176,5168,4796.0,True,True,True,0,0,0
logistics_hard,p06.pddl,sameoutput, ,success,109952,experiment_3,201.0,1,0,17606,4401,2148852, ,201,14.686,12.6273,7192,14782.0,True,True,True,0,0,0
logistics_hard,p07.pddl,sameoutput, ,success,150608,experiment_3,230.0,1,0,23970,5992,3360123, ,230,43.486200000000004,40.2022,9182,43637.0,True,True,True,0,0,0
logistics_hard,p08.pddl,sameoutput, ,success,187104,experiment_3,259.0,1,0,24998,6249,4101367, ,259,31.9339,28.8221,12434,32045.0,True,True,True,0,0,0
logistics_hard,p09.pddl,sameoutput, ,success,309892,experiment_3,307.0,1,0,49582,12395,9254598, ,307,95.92490000000001,93.2032,15065,96127.0,True,True,True,0,0,0
satellite_hard,p28-HC-pfile8.pddl,sameoutput, ,success,238780,experiment_3,220.0,1,0,6834,1708,1815277, ,220,11.59694,5.64767,1352,11749.0,True,True,True,0,0,0
satellite_hard,p29-HC-pfile9.pddl,sameoutput, ,success,230744,experiment_3,190.0,1,0,1274,318,503796, ,190,7.41083,1.35189,1891,7541.0,True,True,True,0,0,0
satellite_hard,p30-HC-pfile10.pddl,sameoutput, ,success,472076,experiment_3,290.0,1,0,19878,4969,9390147, ,290,44.9334,35.4617,2245,45096.0,True,True,True,0,0,0
satellite_hard,p31-HC-pfile11.pddl,sameoutput, ,success,813360,experiment_3,285.0,1,0,7406,1851,4326760, ,285,44.2962,24.9827,2735,44546.0,True,True,True,0,0,0
satellite_hard,p34-HC-pfile14.pddl,sameoutput, ,success,736012,experiment_3,290.0,1,0,1162,290,297849, ,290,18.58542,2.38778,1343,18789.0,True,True,True,0,0,0
satellite_hard,p35-HC-pfile15.pddl,sameoutput, ,success,1052724,experiment_3,418.0,1,0,5070,1267,2084827, ,418,39.5289,22.3789,2088,39858.0,True,True,True,0,0,0
satellite_hard,p36-HC-pfile16.pddl,sameoutput, ,success,1110072,experiment_3,395.0,1,0,7630,1907,3925745, ,395,59.4339,30.014,2512,59767.0,True,True,True,0,0,0
zenotravel_hard,p15.pddl,sameoutput, ,success,23332,experiment_3,45.0,1,0,1378,344,14497, ,45,0.523008,0.0759969,333,598.0,True,True,True,0,0,0
zenotravel_hard,p16.pddl,sameoutput, ,success,28076,experiment_3,54.0,1,0,642,160,14607, ,54,0.743851,0.0759972,390,821.0,True,True,True,0,0,0
zenotravel_hard,p17.pddl,sameoutput, ,success,33976,experiment_3,78.0,1,0,3094,773,45838, ,78,2.0659739999999998,0.579976,535,2150.0,True,True,True,0,0,0
zenotravel_hard,p18.pddl,sameoutput, ,success,39524,experiment_3,76.0,1,0,1750,437,23749, ,76,1.199991,0.223992,585,1254.0,True,True,True,0,0,0
zenotravel_hard,p19.pddl,sameoutput, ,success,46928,experiment_3,96.0,1,0,2410,602,38507, ,96,2.169143,0.791963,760,2259.0,True,True,True,0,0,0
zenotravel_hard,p20.pddl,sameoutput, ,success,55888,experiment_3,107.0,1,0,5890,1472,92353, ,107,4.3689800000000005,2.4679,820,4451.0,True,True,True,0,0,0
driverlog_hard,p16.pddl,greedyResumeWalker,['Invalid paths was generated!'],success, ,experiment_3, , , , , , , , , , , ,733.0, , ,False, , , 
driverlog_hard,p18.pddl,greedyResumeWalker,['Invalid paths was generated!'],success, ,experiment_3, , , , , , , , , , , ,584.0, , ,False, , , 
driverlog_hard,p19.pddl,greedyResumeWalker,['Invalid paths was generated!'],success, ,experiment_3, , , , , , , , , , , ,752.0, , ,False, , , 
driverlog_hard,p20.pddl,greedyResumeWalker,['Invalid paths was generated!'],success, ,experiment_3, , , , , , , , , , , ,595.0, , ,False, , , 
freecell_hard,p13.pddl,greedyResumeWalker,['Invalid paths was generated!'],success, ,experiment_3, , , , , , , , , , , ,1139.0, , ,False, , , 
freecell_hard,p15.pddl,greedyResumeWalker,['Invalid paths was generated!'],success, ,experiment_3, , , , , , , , , , , ,920.0, , ,False, , , 
freecell_hard,p16.pddl,greedyResumeWalker,['Invalid paths was generated!'],success, ,experiment_3, , , , , , , , , , , ,923.0, , ,False, , , 
freecell_hard,p18.pddl,greedyResumeWalker,['Invalid paths was generated!'],success, ,experiment_3, , , , , , , , , , , ,892.0, , ,False, , , 
freecell_hard,probfreecell-10-1.pddl,greedyResumeWalker,['Invalid paths was generated!'],success, ,experiment_3, , , , , , , , , , , ,729.0, , ,False, , , 
freecell_hard,probfreecell-10-4.pddl,greedyResumeWalker,['Invalid paths was generated!'],success, ,experiment_3, , , , , , , , , , , ,986.0, , ,False, , , 
freecell_hard,probfreecell-11-2.pddl,greedyResumeWalker,['Invalid paths was generated!'],success, ,experiment_3, , , , , , , , , , , ,644.0, , ,False, , , 
freecell_hard,probfreecell-11-4.pddl,greedyResumeWalker,['Invalid paths was generated!'],success, ,experiment_3, , , , , , , , , , , ,831.0, , ,False, , , 
freecell_hard,probfreecell-11-5.pddl,greedyResumeWalker,['Invalid paths was generated!'],success, ,experiment_3, , , , , , , , , , , ,806.0, , ,False, , , 
freecell_hard,probfreecell-12-2.pddl,greedyResumeWalker,['Invalid paths was generated!'],success, ,experiment_3, , , , , , , , , , , ,748.0, , ,False, , , 
freecell_hard,probfreecell-12-4.pddl,greedyResumeWalker,['Invalid paths was generated!'],success, ,experiment_3, , , , , , , , , , , ,741.0, , ,False, , , 
freecell_hard,probfreecell-13-1.pddl,greedyResumeWalker,['Invalid paths was generated!'],success, ,experiment_3, , , , , , , , , , , ,752.0, , ,False, , , 
freecell_hard,probfreecell-13-3.pddl,greedyResumeWalker,['Invalid paths was generated!'],success, ,experiment_3, , , , , , , , , , , ,932.0, , ,False, , , 
freecell_hard,probfreecell-13-4.pddl,greedyResumeWalker,['Invalid paths was generated!'],success, ,experiment_3, , , , , , , , , , , ,736.0, , ,False, , , 
freecell_hard,probfreecell-9-5.pddl,greedyResumeWalker,['Invalid paths was generated!'],success, ,experiment_3, , , , , , , , , , , ,772.0, , ,False, , , 
logistics_hard,p05.pddl,greedyResumeWalker, ,success,64260,experiment_3,167.0,1,0,8962,2240,896348, ,167,4.20059,3.18788,5168,10556.0,True,True,True,0,0,0
logistics_hard,p06.pddl,greedyResumeWalker, ,success,109952,experiment_3,201.0,1,0,17606,4401,2148852, ,201,12.607899999999999,11.0834,7192,33094.0,True,True,True,0,0,0
logistics_hard,p07.pddl,greedyResumeWalker, ,success,150608,experiment_3,230.0,1,0,23970,5992,3360123, ,230,29.4717,27.2829,9182,73918.0,True,True,True,0,0,0
logistics_hard,p08.pddl,greedyResumeWalker, ,success,187104,experiment_3,259.0,1,0,24998,6249,4101367, ,259,43.710699999999996,37.5812,12434,87909.0,True,True,True,0,0,0
logistics_hard,p09.pddl,greedyResumeWalker, ,success,309892,experiment_3,307.0,1,0,49582,12395,9254598, ,307,79.2994,74.8746,15065,216694.0,True,True,True,0,0,0
satellite_hard,p28-HC-pfile8.pddl,greedyResumeWalker,['Invalid paths was generated!'],success, ,experiment_3, , , , , , , , , , , ,1560.0, , ,False, , , 
satellite_hard,p29-HC-pfile9.pddl,greedyResumeWalker,['Invalid paths was generated!'],success, ,experiment_3, , , , , , , , , , , ,666.0, , ,False, , , 
satellite_hard,p30-HC-pfile10.pddl,greedyResumeWalker,['Invalid paths was generated!'],success, ,experiment_3, , , , , , , , , , , ,1185.0, , ,False, , , 
satellite_hard,p31-HC-pfile11.pddl,greedyResumeWalker,['Invalid paths was generated!'],success, ,experiment_3, , , , , , , , , , , ,4759.0, , ,False, , , 
satellite_hard,p34-HC-pfile14.pddl,greedyResumeWalker,['Invalid paths was generated!'],success, ,experiment_3, , , , , , , , , , , ,538.0, , ,False, , , 
satellite_hard,p35-HC-pfile15.pddl,greedyResumeWalker,['Invalid paths was generated!'],success, ,experiment_3, , , , , , , , , , , ,1076.0, , ,False, , , 
satellite_hard,p36-HC-pfile16.pddl,greedyResumeWalker,['Invalid paths was generated!'],success, ,experiment_3, , , , , , , , , , , ,1420.0, , ,False, , , 
zenotravel_hard,p15.pddl,greedyResumeWalker,['Invalid paths was generated!'],success, ,experiment_3, , , , , , , , , , , ,649.0, , ,False, , , 
zenotravel_hard,p16.pddl,greedyResumeWalker,['Invalid paths was generated!'],success, ,experiment_3, , , , , , , , , , , ,540.0, , ,False, , , 
zenotravel_hard,p17.pddl,greedyResumeWalker,['Invalid paths was generated!'],success, ,experiment_3, , , , , , , , , , , ,619.0, , ,False, , , 
zenotravel_hard,p18.pddl,greedyResumeWalker,['Invalid paths was generated!'],success, ,experiment_3, , , , , , , , , , , ,576.0, , ,False, , , 
zenotravel_hard,p19.pddl,greedyResumeWalker,['Invalid paths was generated!'],success, ,experiment_3, , , , , , , , , , , ,546.0, , ,False, , , 
zenotravel_hard,p20.pddl,greedyResumeWalker,['Invalid paths was generated!'],success, ,experiment_3, , , , , , , , , , , ,557.0, , ,False, , , 
driverlog_hard,p16.pddl,greedyWalker,['Rebuild plan was not valid!'],success,83488,experiment_3,187.0,1,0,480778,120194,2630188, ,187,24.4251,23.7192,500,70478.0,True,False,True,-3,0,23
driverlog_hard,p18.pddl,greedyWalker,['Rebuild plan was not valid!'],success,31116,experiment_3,140.0,1,0,7746,1936,61519, ,140,1.441958,0.887972,825,16514.0,True,False,True,-2,0,7
driverlog_hard,p19.pddl,greedyWalker,['Rebuild plan was not valid!'],success,65444,experiment_3,293.0,1,0,201690,50422,1444114, ,293,13.9046,13.4347,1050,60801.0,True,False,True,-1,0,2
driverlog_hard,p20.pddl,greedyWalker, ,success,55572,experiment_3,167.0,1,0,53630,13407,745215, ,167,9.58679,8.7477,1276,54049.0,True,True,True,0,0,6
freecell_hard,p13.pddl,greedyWalker, ,success,64752,experiment_3,87.0,1,13,3471,864,5042, ,87,3.5267999999999997,2.43985,369,9181.0,True,True,True,0,0,1
freecell_hard,p15.pddl,greedyWalker, ,success, ,experiment_3, ,0, , , , , , , , , ,4785.0, , ,False, , , 
freecell_hard,p16.pddl,greedyWalker, ,success,93388,experiment_3,79.0,1,22,1768,436,3222, ,79,4.65921,1.98779,407,26414.0,True,True,True,9,1,2
freecell_hard,p18.pddl,greedyWalker, ,success, ,experiment_3, ,0, , , , , , , , , ,4731.0, , ,False, , , 
freecell_hard,probfreecell-10-1.pddl,greedyWalker, ,success,105704,experiment_3,65.0,1,14,1148,283,1952, ,65,4.545450000000001,1.30793,376,8901.0,True,True,True,6,1,8
freecell_hard,probfreecell-10-4.pddl,greedyWalker, ,success,104760,experiment_3,91.0,1,148,6370,1555,8561, ,91,9.06555,7.25157,375,29067.0,True,True,True,0,0,1
freecell_hard,probfreecell-11-2.pddl,greedyWalker, ,success, ,experiment_3, , , , , , , , , , , ,733.0, , ,False, , , 
freecell_hard,probfreecell-11-4.pddl,greedyWalker, ,success,114316,experiment_3,97.0,1,14,6672,1664,9945, ,97,12.11077,9.55168,411,32087.0,True,True,True,0,0,4
freecell_hard,probfreecell-11-5.pddl,greedyWalker, ,success,111860,experiment_3,100.0,1,45,5531,1371,7620, ,100,10.15163,7.49573,412,30399.0,True,True,True,0,0,7
freecell_hard,probfreecell-12-2.pddl,greedyWalker, ,success, ,experiment_3, , , , , , , , , , , ,698.0, , ,False, , , 
freecell_hard,probfreecell-12-4.pddl,greedyWalker, ,success,119688,experiment_3,102.0,1,73,4607,1133,5822, ,102,11.51215,7.76746,448,30699.0,True,True,True,0,0,2
freecell_hard,probfreecell-13-1.pddl,greedyWalker, ,success, ,experiment_3, ,0, , , , , , , , , ,4179.0, , ,False, , , 
freecell_hard,probfreecell-13-3.pddl,greedyWalker, ,success,122840,experiment_3,104.0,1,20,2014,498,2525, ,104,6.50377,3.2678,483,11384.0,True,True,True,0,0,4
freecell_hard,probfreecell-13-4.pddl,greedyWalker, ,success,96208,experiment_3, ,0, , , , , , , , ,483,56748.0, , ,False, , , 
freecell_hard,probfreecell-9-5.pddl,greedyWalker, ,success, ,experiment_3, , , , , , , , , , , ,838.0, , ,False, , , 
logistics_hard,p05.pddl,greedyWalker, ,success,64260,experiment_3,167.0,1,0,8962,2240,896348, ,167,5.91663,4.4877,5168,21603.0,True,True,True,0,0,0
logistics_hard,p06.pddl,greedyWalker, ,success,109952,experiment_3,201.0,1,0,17606,4401,2148852, ,201,13.0416,11.4389,7192,32444.0,True,True,True,0,0,0
logistics_hard,p07.pddl,greedyWalker, ,success,150608,experiment_3,230.0,1,0,23970,5992,3360123, ,230,35.2429,31.0509,9182,80730.0,True,True,True,0,0,0
logistics_hard,p08.pddl,greedyWalker, ,success,187104,experiment_3,259.0,1,0,24998,6249,4101367, ,259,35.7543,33.2411,12434,87890.0,True,True,True,0,0,0
logistics_hard,p09.pddl,greedyWalker, ,success,309892,experiment_3,307.0,1,0,49582,12395,9254598, ,307,89.3192,86.1196,15065,226551.0,True,True,True,0,0,0
satellite_hard,p28-HC-pfile8.pddl,greedyWalker,['Invalid paths was generated!'],success, ,experiment_3, , , , , , , , , , , ,2229.0, , ,False, , , 
satellite_hard,p29-HC-pfile9.pddl,greedyWalker,['Invalid paths was generated!'],success, ,experiment_3, , , , , , , , , , , ,1330.0, , ,False, , , 
satellite_hard,p30-HC-pfile10.pddl,greedyWalker,['Invalid paths was generated!'],success, ,experiment_3, , , , , , , , , , , ,840.0, , ,False, , , 
satellite_hard,p31-HC-pfile11.pddl,greedyWalker,['Invalid paths was generated!'],success, ,experiment_3, , , , , , , , , , , ,3467.0, , ,False, , , 
satellite_hard,p34-HC-pfile14.pddl,greedyWalker,['Invalid paths was generated!'],success, ,experiment_3, , , , , , , , , , , ,762.0, , ,False, , , 
satellite_hard,p35-HC-pfile15.pddl,greedyWalker,['Invalid paths was generated!'],success, ,experiment_3, , , , , , , , , , , ,691.0, , ,False, , , 
satellite_hard,p36-HC-pfile16.pddl,greedyWalker,['Invalid paths was generated!'],success, ,experiment_3, , , , , , , , , , , ,1106.0, , ,False, , , 
zenotravel_hard,p15.pddl,greedyWalker, ,success,23332,experiment_3,45.0,1,0,1378,344,14841, ,45,0.521847,0.0759829,333,3920.0,True,True,True,0,0,2
zenotravel_hard,p16.pddl,greedyWalker, ,success,28076,experiment_3,54.0,1,0,642,160,14607, ,54,0.845946,0.0879492,390,1441.0,True,True,True,0,0,0
zenotravel_hard,p17.pddl,greedyWalker, ,success, ,experiment_3, , , , , , , , , , , ,554.0, , ,False, , , 
zenotravel_hard,p18.pddl,greedyWalker, ,success, ,experiment_3, ,0, , , , , , , , , ,3328.0, , ,False, , , 
zenotravel_hard,p19.pddl,greedyWalker, ,success, ,experiment_3, ,0, , , , , , , , , ,3334.0, , ,False, , , 
zenotravel_hard,p20.pddl,greedyWalker, ,success,55888,experiment_3,107.0,1,0,5890,1472,92353, ,107,4.29797,2.42788,820,7421.0,True,True,True,0,0,0
driverlog_hard,p16.pddl,probeWalker,['Rebuild plan was not valid!'],success,56980,experiment_3,135.0,1,0,214974,53743,1566725, ,135,8.01294,7.77959,500,244688.0,True,False,True,-5,0,10
driverlog_hard,p18.pddl,probeWalker,['Rebuild plan was not valid!'],success,37780,experiment_3,194.0,1,0,36586,9146,285369, ,194,3.28154,2.83587,825,77589.0,True,False,True,-3,0,3
driverlog_hard,p19.pddl,probeWalker, ,success,67628,experiment_3,277.0,1,0,211258,52814,1560939, ,277,14.347399999999999,13.7672,1050,85338.0,True,True,True,0,0,2
driverlog_hard,p20.pddl,probeWalker, ,success,103128,experiment_3,137.0,1,0,218134,54533,3088916, ,137,32.082699999999996,31.3987,1276,97294.0,True,True,True,0,0,1
freecell_hard,p13.pddl,probeWalker, ,success, ,experiment_3, , , , , , , , , , , ,3357.0, , ,False, , , 
freecell_hard,p15.pddl,probeWalker, ,success, ,experiment_3, ,0, , , , , , , , , ,17116.0, , ,False, , , 
freecell_hard,p16.pddl,probeWalker, ,success, ,experiment_3, , , , , , , , , , , ,3309.0, , ,False, , , 
freecell_hard,p18.pddl,probeWalker,['Invalid macros was generated!'],success,84084,experiment_3, ,0, , , , , , , , ,446,62191.0, , ,False, , , 
freecell_hard,probfreecell-10-1.pddl,probeWalker, ,success, ,experiment_3, ,0, , , , , , , , , ,20879.0, , ,False, , , 
freecell_hard,probfreecell-10-4.pddl,probeWalker, ,success, ,experiment_3, , , , , , , , , , , ,3015.0, , ,False, , , 
freecell_hard,probfreecell-11-2.pddl,probeWalker, ,success, ,experiment_3, ,0, , , , , , , , , ,18918.0, , ,False, , , 
freecell_hard,probfreecell-11-4.pddl,probeWalker, ,success, ,experiment_3, , , , , , , , , , , ,2857.0, , ,False, , , 
freecell_hard,probfreecell-11-5.pddl,probeWalker, ,success,93256,experiment_3, ,0, , , , , , , , ,412,218095.0, , ,False, , , 
freecell_hard,probfreecell-12-2.pddl,probeWalker, ,success, ,experiment_3, , , , , , , , , , , ,3479.0, , ,False, , , 
freecell_hard,probfreecell-12-4.pddl,probeWalker, ,success, ,experiment_3, ,0, , , , , , , , , ,16670.0, , ,False, , , 
freecell_hard,probfreecell-13-1.pddl,probeWalker, ,success, ,experiment_3, ,0, , , , , , , , , ,14964.0, , ,False, , , 
freecell_hard,probfreecell-13-3.pddl,probeWalker, ,success, ,experiment_3, , , , , , , , , , , ,2522.0, , ,False, , , 
freecell_hard,probfreecell-13-4.pddl,probeWalker,['Invalid macros was generated!'],success, ,experiment_3, ,0, , , , , , , , , ,16294.0, , ,False, , , 
freecell_hard,probfreecell-9-5.pddl,probeWalker, ,success, ,experiment_3, , , , , , , , , , , ,2734.0, , ,False, , , 
logistics_hard,p05.pddl,probeWalker, ,success,64260,experiment_3,167.0,1,0,8962,2240,896348, ,167,4.86337,2.96775,5168,8156.0,True,True,True,0,0,0
logistics_hard,p06.pddl,probeWalker, ,success,109952,experiment_3,201.0,1,0,17606,4401,2148852, ,201,11.81259,9.3997,7192,25762.0,True,True,True,0,0,0
logistics_hard,p07.pddl,probeWalker, ,success,150608,experiment_3,230.0,1,0,23970,5992,3360123, ,230,36.3674,31.7661,9182,81984.0,True,True,True,0,0,0
logistics_hard,p08.pddl,probeWalker, ,success,187104,experiment_3,259.0,1,0,24998,6249,4101367, ,259,35.2536,32.3217,12434,160110.0,True,True,True,0,0,0
logistics_hard,p09.pddl,probeWalker, ,success,309892,experiment_3,307.0,1,0,49582,12395,9254598, ,307,75.70139999999999,71.8354,15065,203788.0,True,True,True,0,0,0
satellite_hard,p28-HC-pfile8.pddl,probeWalker,['Invalid paths was generated!'],success, ,experiment_3, , , , , , , , , , , ,821.0, , ,False, , , 
satellite_hard,p29-HC-pfile9.pddl,probeWalker,['Invalid paths was generated!'],success, ,experiment_3, , , , , , , , , , , ,584.0, , ,False, , , 
satellite_hard,p30-HC-pfile10.pddl,probeWalker,['Invalid paths was generated!'],success, ,experiment_3, , , , , , , , , , , ,577.0, , ,False, , , 
satellite_hard,p31-HC-pfile11.pddl,probeWalker,['Invalid paths was generated!'],success, ,experiment_3, , , , , , , , , , , ,1338.0, , ,False, , , 
satellite_hard,p34-HC-pfile14.pddl,probeWalker,['Invalid paths was generated!'],success, ,experiment_3, , , , , , , , , , , ,1088.0, , ,False, , , 
satellite_hard,p35-HC-pfile15.pddl,probeWalker,['Invalid paths was generated!'],success, ,experiment_3, ,0, , , , , , , , , ,6937.0, , ,False, , , 
satellite_hard,p36-HC-pfile16.pddl,probeWalker,['Invalid paths was generated!'],success, ,experiment_3, , , , , , , , , , , ,2953.0, , ,False, , , 
zenotravel_hard,p15.pddl,probeWalker, ,success,23328,experiment_3,45.0,1,0,1378,344,14563, ,45,1.142331,0.207995,333,2457.0,True,True,True,0,0,1
zenotravel_hard,p16.pddl,probeWalker, ,success,28184,experiment_3,54.0,1,0,642,160,14607, ,54,0.770024,0.0719964,390,1889.0,True,True,True,0,0,1
zenotravel_hard,p17.pddl,probeWalker, ,success, ,experiment_3, , , , , , , , , , , ,1041.0, , ,False, , , 
zenotravel_hard,p18.pddl,probeWalker, ,success,39036,experiment_3,72.0,1,0,1930,482,20353, ,72,1.5151949999999998,0.295975,585,7531.0,True,True,True,0,0,5
zenotravel_hard,p19.pddl,probeWalker, ,success,46680,experiment_3,93.0,1,0,2770,692,22812, ,93,2.62193,1.09194,760,8078.0,True,True,True,6,1,4
zenotravel_hard,p20.pddl,probeWalker, ,success,55888,experiment_3,107.0,1,0,5890,1472,92353, ,107,3.9726299999999997,2.36789,820,8659.0,True,True,True,0,0,0
driverlog_hard,p16.pddl,queueWalker,['Rebuild plan was not valid!'],success,88192,experiment_3,149.0,1,0,505858,126464,2843081, ,149,26.0456,24.0305,500,63648.0,True,False,True,-1,0,100
driverlog_hard,p18.pddl,queueWalker, ,success,32128,experiment_3,125.0,1,0,14506,3626,121799, ,125,2.27933,1.44393,825,39579.0,True,True,True,0,0,100
driverlog_hard,p19.pddl,queueWalker,['Rebuild plan was not valid!'],success,66548,experiment_3,305.0,1,0,192486,48121,1400673, ,305,21.6717,18.2914,1050,60435.0,True,False,True,-1,0,60
driverlog_hard,p20.pddl,queueWalker,['Rebuild plan was not valid!'],success,45764,experiment_3,166.0,1,0,9358,2339,131227, ,166,3.3554199999999996,2.5279,1276,16741.0,True,False,True,-1,0,10
freecell_hard,p13.pddl,queueWalker, ,success,64412,experiment_3,81.0,1,2,1856,463,2809, ,81,4.76989,2.8519,369,7839.0,True,True,True,0,0,2
freecell_hard,p15.pddl,queueWalker, ,success,95268,experiment_3,95.0,1,24,4734,1177,7085, ,95,6.0798499999999995,4.50785,407,18608.0,True,True,True,0,0,21
freecell_hard,p16.pddl,queueWalker, ,success,93404,experiment_3,77.0,1,0,1186,296,2269, ,77,4.30187,2.51589,407,7287.0,True,True,True,0,0,20
freecell_hard,p18.pddl,queueWalker, ,success,110404,experiment_3,125.0,1,2522,68264,16435,79346, ,125,57.5619,54.5927,446,180433.0,True,True,True,6,1,100
freecell_hard,probfreecell-10-1.pddl,queueWalker, ,success,106528,experiment_3,72.0,1,24,1262,309,1819, ,72,27.08565,1.72793,376,64071.0,True,True,True,10,1,100
freecell_hard,probfreecell-10-4.pddl,queueWalker, ,success,105908,experiment_3,83.0,1,20,2902,720,5391, ,83,6.50753,3.44383,375,17727.0,True,True,True,0,0,59
freecell_hard,probfreecell-11-2.pddl,queueWalker, ,success,111600,experiment_3,71.0,1,0,2014,503,3908, ,71,4.50562,2.46783,411,7477.0,True,True,True,0,0,7
freecell_hard,probfreecell-11-4.pddl,queueWalker, ,success,111656,experiment_3,84.0,1,29,5115,1271,8286, ,84,11.23443,8.67538,411,25317.0,True,True,True,0,0,37
freecell_hard,probfreecell-11-5.pddl,queueWalker, ,success,120204,experiment_3,181.0,1,2028,132714,32671,133620, ,181,175.967,163.191,412,531921.0,True,True,True,0,0,100
freecell_hard,probfreecell-12-2.pddl,queueWalker, ,success,117364,experiment_3,85.0,1,29,13887,3464,20458, ,85,32.2524,25.1336,447,74022.0,True,True,True,6,1,82
freecell_hard,probfreecell-12-4.pddl,queueWalker, ,success,117056,experiment_3,107.0,1,56,3734,919,4464, ,107,6.71666,4.28786,448,19690.0,True,True,True,4,1,33
freecell_hard,probfreecell-13-1.pddl,queueWalker, ,success,124884,experiment_3,144.0,1,475,18069,4398,23243, ,144,39.635999999999996,22.1587,484,92622.0,True,True,True,0,0,93
freecell_hard,probfreecell-13-3.pddl,queueWalker, ,success,124712,experiment_3,107.0,1,84,4522,1109,5366, ,107,9.22503,6.4238,483,22473.0,True,True,True,0,0,30
freecell_hard,probfreecell-13-4.pddl,queueWalker, ,success,125120,experiment_3,133.0,1,98,7672,1893,8429, ,133,15.251,11.607,483,28885.0,True,True,True,4,1,20
freecell_hard,probfreecell-9-5.pddl,queueWalker, ,success,100556,experiment_3,78.0,1,0,2482,620,4390, ,78,4.76924,2.95578,340,17215.0,True,True,True,0,0,39
logistics_hard,p05.pddl,queueWalker, ,success,64260,experiment_3,167.0,1,0,8962,2240,896348, ,167,3.99085,2.89972,5168,7378.0,True,True,True,0,0,0
logistics_hard,p06.pddl,queueWalker, ,success,109952,experiment_3,201.0,1,0,17606,4401,2148852, ,201,13.308,11.7788,7192,29496.0,True,True,True,0,0,0
logistics_hard,p07.pddl,queueWalker, ,success,150608,experiment_3,230.0,1,0,23970,5992,3360123, ,230,39.9727,38.0667,9182,83859.0,True,True,True,0,0,0
logistics_hard,p08.pddl,queueWalker, ,success,187104,experiment_3,259.0,1,0,24998,6249,4101367, ,259,31.2178,28.0261,12434,78016.0,True,True,True,0,0,0
logistics_hard,p09.pddl,queueWalker, ,success,309892,experiment_3,307.0,1,0,49582,12395,9254598, ,307,108.404,105.066,15065,237575.0,True,True,True,0,0,0
satellite_hard,p28-HC-pfile8.pddl,queueWalker, ,success,238780,experiment_3,220.0,1,0,6834,1708,1815277, ,220,8.06012,4.00784,1352,20687.0,True,True,True,0,0,0
satellite_hard,p29-HC-pfile9.pddl,queueWalker, ,success,233232,experiment_3,199.0,1,0,1174,293,464658, ,199,7.70319,1.17193,1891,46245.0,True,True,True,0,0,1
satellite_hard,p30-HC-pfile10.pddl,queueWalker, ,success,472060,experiment_3,290.0,1,0,19878,4969,9395889, ,290,64.827,52.6177,2245,216793.0,True,True,True,0,0,2
satellite_hard,p31-HC-pfile11.pddl,queueWalker, ,success,813360,experiment_3,285.0,1,0,7406,1851,4326760, ,285,49.9903,29.4536,2735,92829.0,True,True,True,0,0,0
satellite_hard,p34-HC-pfile14.pddl,queueWalker, ,success,736012,experiment_3,290.0,1,0,1162,290,297849, ,290,11.677719999999999,3.03577,1343,24033.0,True,True,True,0,0,0
satellite_hard,p35-HC-pfile15.pddl,queueWalker, ,success,1051616,experiment_3,418.0,1,0,4918,1229,2022638, ,418,35.7885,17.1113,2088,90391.0,True,True,True,0,0,1
satellite_hard,p36-HC-pfile16.pddl,queueWalker, ,success,1066516,experiment_3,390.0,1,0,3190,797,1641969, ,390,55.6748,20.4394,2512,208560.0,True,True,True,0,0,2
zenotravel_hard,p15.pddl,queueWalker, ,success,23332,experiment_3,45.0,1,0,1378,344,14497, ,45,0.58578,0.0799981,333,1143.0,True,True,True,0,0,0
zenotravel_hard,p16.pddl,queueWalker, ,success, ,experiment_3, ,0, , , , , , , , , ,2963.0, , ,False, , , 
zenotravel_hard,p17.pddl,queueWalker, ,success,33976,experiment_3,78.0,1,0,3094,773,45838, ,78,1.362393,0.391934,535,1906.0,True,True,True,0,0,0
zenotravel_hard,p18.pddl,queueWalker, ,success,39524,experiment_3,76.0,1,0,1750,437,23749, ,76,1.385978,0.331979,585,4343.0,True,True,True,0,0,0
zenotravel_hard,p19.pddl,queueWalker, ,success,46508,experiment_3,90.0,1,0,2426,606,25018, ,90,2.312136,0.643978,760,5288.0,True,True,True,2,1,8
zenotravel_hard,p20.pddl,queueWalker, ,success,55888,experiment_3,107.0,1,0,5890,1472,92353, ,107,4.47309,2.71182,820,17371.0,True,True,True,0,0,0
driverlog_hard,p16.pddl,sameoutput, ,success,348580,experiment_3,177.0,1,0,2335870,583967,14872932, ,177,93.3227,93.1107,500,93431.0,True,True,True,0,0,0
driverlog_hard,p18.pddl,sameoutput, ,success,67624,experiment_3,163.0,1,0,232102,58025,1719997, ,163,18.960700000000003,18.3111,825,19061.0,True,True,True,0,0,0
driverlog_hard,p19.pddl,sameoutput, ,success,67160,experiment_3,277.0,1,0,211402,52850,1514032, ,277,16.8413,16.3993,1050,16929.0,True,True,True,0,0,0
driverlog_hard,p20.pddl,sameoutput, ,success,102408,experiment_3,137.0,1,0,217570,54392,3051451, ,137,27.715799999999998,26.7338,1276,27822.0,True,True,True,0,0,0
freecell_hard,p13.pddl,sameoutput, ,success,64472,experiment_3,88.0,1,13,3547,883,5070, ,88,8.45779,6.21179,369,8572.0,True,True,True,0,0,0
freecell_hard,p15.pddl,sameoutput, ,success,93568,experiment_3,87.0,1,14,8860,2211,12478, ,87,11.839,10.2876,407,11934.0,True,True,True,0,0,0
freecell_hard,p16.pddl,sameoutput, ,success,93404,experiment_3,84.0,1,13,2855,710,4363, ,84,4.295590000000001,2.22792,407,4385.0,True,True,True,0,0,0
freecell_hard,p18.pddl,sameoutput, ,success,108968,experiment_3,123.0,1,1135,44861,10931,57437, ,123,54.717299999999994,53.065,446,54791.0,True,True,True,0,0,0
freecell_hard,probfreecell-10-1.pddl,sameoutput, ,success,107828,experiment_3,90.0,1,1073,25415,6085,28290, ,90,55.5015,52.7021,376,55616.0,True,True,True,0,0,0
freecell_hard,probfreecell-10-4.pddl,sameoutput, ,success,104764,experiment_3,91.0,1,147,6333,1546,8504, ,91,9.53879,7.51976,375,9644.0,True,True,True,0,0,0
freecell_hard,probfreecell-11-2.pddl,sameoutput, ,success,110860,experiment_3,72.0,1,0,2110,527,4298, ,72,5.090949999999999,3.00371,411,5166.0,True,True,True,0,0,0
freecell_hard,probfreecell-11-4.pddl,sameoutput, ,success,110528,experiment_3,95.0,1,51,5181,1282,6941, ,95,8.38627,6.35975,411,8485.0,True,True,True,0,0,0
freecell_hard,probfreecell-11-5.pddl,sameoutput, ,success,112468,experiment_3,121.0,1,82,13220,3284,17141, ,121,19.9007,16.9113,412,19984.0,True,True,True,0,0,0
freecell_hard,probfreecell-12-2.pddl,sameoutput, ,success,119268,experiment_3,100.0,1,69,50327,12564,73446, ,100,78.5038,74.8778,447,78626.0,True,True,True,0,0,0
freecell_hard,probfreecell-12-4.pddl,sameoutput, ,success,118244,experiment_3,132.0,1,118,24916,6199,30300, ,132,80.92639999999999,76.8473,448,81069.0,True,True,True,0,0,0
freecell_hard,probfreecell-13-1.pddl,sameoutput, ,success,126392,experiment_3,140.0,1,3023,49365,11585,52968, ,140,160.419,156.637,484,160585.0,True,True,True,0,0,0
freecell_hard,probfreecell-13-3.pddl,sameoutput, ,success,124528,experiment_3,108.0,1,88,4830,1185,5651, ,108,9.06315,7.01961,483,9142.0,True,True,True,0,0,0
freecell_hard,probfreecell-13-4.pddl,sameoutput, ,success,125612,experiment_3,127.0,1,1202,29296,7023,28917, ,127,113.917,108.678,483,114095.0,True,True,True,0,0,0
freecell_hard,probfreecell-9-5.pddl,sameoutput, ,success,100584,experiment_3,76.0,1,0,3162,790,5149, ,76,6.888440000000001,4.16753,340,7010.0,True,True,True,0,0,0
logistics_hard,p05.pddl,sameoutput, ,success,64260,experiment_3,167.0,1,0,8962,2240,896348, ,167,6.13644,4.21183,5168,6231.0,True,True,True,0,0,0
logistics_hard,p06.pddl,sameoutput, ,success,109952,experiment_3,201.0,1,0,17606,4401,2148852, ,201,14.0093,11.0235,7192,14128.0,True,True,True,0,0,0
logistics_hard,p07.pddl,sameoutput, ,success,150608,experiment_3,230.0,1,0,23970,5992,3360123, ,230,24.6239,22.2866,9182,24744.0,True,True,True,0,0,0
logistics_hard,p08.pddl,sameoutput, ,success,187104,experiment_3,259.0,1,0,24998,6249,4101367, ,259,30.0182,25.466,12434,30170.0,True,True,True,0,0,0
logistics_hard,p09.pddl,sameoutput, ,success,309892,experiment_3,307.0,1,0,49582,12395,9254598, ,307,90.5047,87.2352,15065,90696.0,True,True,True,0,0,0
satellite_hard,p28-HC-pfile8.pddl,sameoutput, ,success,238780,experiment_3,220.0,1,0,6834,1708,1815277, ,220,9.22782,4.16384,1352,9310.0,True,True,True,0,0,0
satellite_hard,p29-HC-pfile9.pddl,sameoutput, ,success,230744,experiment_3,190.0,1,0,1274,318,503796, ,190,17.36184,3.44788,1891,17588.0,True,True,True,0,0,0
satellite_hard,p30-HC-pfile10.pddl,sameoutput, ,success,472076,experiment_3,290.0,1,0,19878,4969,9390147, ,290,67.5052,58.7378,2245,67671.0,True,True,True,0,0,0
satellite_hard,p31-HC-pfile11.pddl,sameoutput, ,success,813360,experiment_3,285.0,1,0,7406,1851,4326760, ,285,44.8137,24.8866,2735,45101.0,True,True,True,0,0,0
satellite_hard,p34-HC-pfile14.pddl,sameoutput, ,success,736012,experiment_3,290.0,1,0,1162,290,297849, ,290,14.60207,2.45592,1343,14780.0,True,True,True,0,0,0
satellite_hard,p35-HC-pfile15.pddl,sameoutput, ,success,1052724,experiment_3,418.0,1,0,5070,1267,2084827, ,418,29.8101,15.4385,2088,30059.0,True,True,True,0,0,0
satellite_hard,p36-HC-pfile16.pddl,sameoutput, ,success,1110072,experiment_3,395.0,1,0,7630,1907,3925745, ,395,64.3509,39.6251,2512,64866.0,True,True,True,0,0,0
zenotravel_hard,p15.pddl,sameoutput, ,success,23332,experiment_3,45.0,1,0,1378,344,14497, ,45,0.543993,0.0759947,333,609.0,True,True,True,0,0,0
zenotravel_hard,p16.pddl,sameoutput, ,success,28076,experiment_3,54.0,1,0,642,160,14607, ,54,0.7719984000000001,0.0559986,390,864.0,True,True,True,0,0,0
zenotravel_hard,p17.pddl,sameoutput, ,success,33976,experiment_3,78.0,1,0,3094,773,45838, ,78,2.57179,0.419941,535,2680.0,True,True,True,0,0,0
zenotravel_hard,p18.pddl,sameoutput, ,success,39524,experiment_3,76.0,1,0,1750,437,23749, ,76,1.713133,0.379931,585,1800.0,True,True,True,0,0,0
zenotravel_hard,p19.pddl,sameoutput, ,success,46928,experiment_3,96.0,1,0,2410,602,38507, ,96,1.956327,0.571937,760,2009.0,True,True,True,0,0,0
zenotravel_hard,p20.pddl,sameoutput, ,success,55888,experiment_3,107.0,1,0,5890,1472,92353, ,107,7.472099999999999,5.21561,820,7570.0,True,True,True,0,0,0
